n ,212565
 y,172905
d ,159930
yn,151568
dd,147738
r ,131890
 a,119780
i ,116949
 g,102022
 d,95040
ae,87755
u ,87611
 m,86006
 c,83915
 r,82922
o ,79731
l ,79460
ed,77851
yd,75453
y ,72886
di,68893
wy,68237
ar,66256
an,65733
e ,65662
ma,62379
a ,61303
th,59424
ei,56765
 f,55631
 n,55043
ia,54244
od,53906
 o,53844
 e,53783
 b,52740
da,51133
ll,50457
ch,49467
 h,48091
au,47413
ad,45940
 i,45930
ol,44382
er,44005
h ,41947
en,39951
el,38751
 s,38612
io,38480
we,38240
ai,38235
ra,36924
la,36482
 p,35339
fe,34749
ro,34513
ni,34122
 w,33603
s ,33406
oe,32560
ha,31998
ri,31730
gw,31592
ga,31384
de,30585
et,30255
 t,29986
yr,29881
gy,29704
w ,29254
na,29161
 l,28929
g ,28749
cy,28613
wn,28546
on,27837
hy,27655
do,27603
ff,27561
ys,27356
ne,26902
yf,26428
no,26229
he,26187
nn,25916
go,25880
ym,25580
re,25401
id,25142
ef,25062
le,24563
rh,24353
dy,24331
or,23742
t ,23658
al,23609
aw,22883
me,22856
li,22763
fa,22358
in,21874
fo,21713
fy,21637
ca,21360
st,20647
m ,20362
am,20354
wr,20034
hw,19984
ac,19898
ew,19744
af,19669
yw,19553
eu,19223
f ,19201
ly,19060
ho,19042
it,18723
ir,18643
wa,18464
si,18152
ry,18067
il,18052
dr,17864
un,17674
es,17534
tr,17140
ng,16953
nt,16539
dw,16476
hi,16104
ig,15786
at,15782
rw,15739
is,15644
sg,15547
ny,15543
 u,15539
if,15490
c ,15014
os,14970
lw,14682
sy,14495
by,13932
as,13875
rd,13687
ge,13668
yl,13559
fr,13422
wi,13079
lo,13068
bo,12966
nd,12699
rt,12656
iw,12594
ta,12533
te,12033
be,11832
bl,11605
se,11259
og,11178
nw,11058
eg,10850
fi,10526
ti,10329
sa,10309
gr,9977
ba,9826
rf,9723
br,9706
fn,9120
hr,8969
pe,8966
b ,8813
lu,8793
ag,8783
gl,8715
du,8654
nh,8577
so,8378
rc,8375
pa,8210
ob,8142
co,8114
fl,7851
ud,7808
gi,7600
to,7484
of,7095
ur,7067
wl,7018
ce,6985
yc,6955
eb,6791
hu,6745
ty,6655
mo,6551
ec,6520
yg,6442
pr,6221
dl,5882
cr,5743
mi,5636
â ,5629
rn,5502
yt,5489
po,5359
nu,5358
eo,5350
bw,5193
ic,5175
mw,5046
fw,5029
 â,4954
my,4853
fu,4669
tu,4601
oc,4572
im,4533
ie,4501
wc,4368
ml,4321
sw,4292
em,4231
md,4177
us,4066
rs,3989
wo,3914
pl,3818
gh,3808
rb,3720
ws,3585
wm,3577
ci,3542
nc,3509
ea,3508
ns,3484
om,3467
sb,3436
gu,3428
mr,3406
ôl,3309
df,3235
bu,3160
 ô,3073
ru,3055
nf,3048
ul,3039
ab,3017
rl,3011
cw,3011
lf,2995
yb,2946
p ,2895
wd,2880
lc,2869
nr,2857
mh,2850
lt,2781
su,2772
rm,2753
ph,2752
cl,2712
mu,2710
ya,2642
ot,2627
pw,2615
uo,2610
bi,2587
ah,2578
ld,2550
op,2544
rg,2534
oi,2530
ib,2475
pi,2421
hl,2384
mp,2383
nl,2346
ap,2216
mg,2208
hn,2143
ct,2127
rr,2115
wb,2080
ua,1931
oh,1836
yh,1785
hg,1773
ms,1769
tw,1758
ow,1641
lm,1606
sn,1605
pu,1567
uc,1540
uw,1520
wg,1511
ŵr,1441
 j,1348
lb,1304
dn,1288
dŵ,1245
wt,1163
êl,1147
ip,1125
mc,1113
rŵ,1088
rp,1083
ao,1083
iy,1059
tb,1050
cs,1042
ey,1040
hd,1020
ug,1015
ft,1002
um,993
ân,982
ts,932
lg,931
ŵp,928
mn,924
sl,900
wf,899
gê,891
ut,887
mb,866
py,863
pê,855
yy,816
gf,815
tg,798
  ,792
ue,779
gn,771
ïa,745
êm,704
eh,700
nb,688
dh,679
ô ,678
wp,674
ŵ ,634
tâ,612
ja,612
tl,600
hf,596
sm,594
sf,589
ŷ ,583
pt,574
ôn,540
mô,530
yo,526
îm,512
gŵ,508
lp,481
ïo,477
cu,468
nï,465
ôr,455
tî,436
ih,429
ep,422
âr,417
wu,414
ê ,411
sr,403
jo,402
lh,395
uf,387
tŷ,381
sh,372
ub,353
oa,351
iâ,340
áu,339
ŷn,333
ls,330
gâ,326
hŷ,317
tn,313
lr,309
hm,308
rô,306
ŵn,305
âu,298
mf,296
gd,294
hâ,290
cn,282
yp,272
ds,263
ŵe,254
mâ,253
bê,253
tf,251
dg,249
vi,248
 ŵ,244
tá,237
ps,235
fb,235
fô,234
lâ,227
hb,222
jy,221
ŵy,218
ou,215
rê,213
pŵ,212
oy,201
rï,198
âp,197
ên,196
db,193
gô,192
fd,189
câ,189
sô,182
 k,182
je,177
wâ,175
nj,172
nm,169
av,162
âd,157
k ,155
sŵ,152
 v,149
va,148
oo,148
râ,145
mt,140
tŵ,132
lŷ,132
î ,132
în,129
hp,129
dî,129
hs,128
dâ,127
gï,125
sê,123
êr,123
ev,122
ee,122
ye,120
nô,119
bs,118
pï,115
ay,115
pâ,114
ŵa,113
ve,111
gb,111
sï,103
sc,103
cô,103
cŵ,100
ji,98
ëw,96
rë,95
ke,93
ré,91
fg,89
ui,88
tt,88
ka,86
iŵ,84
gm,84
ck,84
dï,82
ât,81
dŷ,79
sá,78
hê,78
bŵ,78
bô,78
lô,77
dm,76
âl,76
rî,74
sp,73
âm,73
fâ,72
za,68
ss,68
sâ,67
ki,67
bï,67
jî,65
sd,64
él,63
uy,62
ïw,61
ôt,60
iz,58
ak,58
tô,57
ko,57
iv,56
ét,56
tc,55
pf,55
 ï,55
up,54
ok,53
bd,52
yi,51
lŵ,51
lî,51
fh,51
âi,51
iô,50
ï ,50
tê,49
fs,49
é ,49
nk,48
gs,48
ik,47
hô,47
ex,47
hŵ,46
ln,45
ij,44
wŷ,43
tï,43
nâ,43
dô,43
mm,42
tm,41
pg,40
oj,40
cê,40
bâ,40
lï,39
fê,39
ái,39
ŵl,38
rk,38
né,38
wê,37
qu,37
ôc,37
iu,37
lê,36
às,36
nŵ,35
mà,35
fá,35
ww,33
x ,32
ov,32
mê,32
az,32
á ,32
uk,31
uh,31
j ,31
 z,29
kn,29
ii,29
ŷr,28
ŷd,28
xa,28
rá,28
ox,28
hï,27
êc,27
cd,26
pp,25
hî,25
 ŷ,24
ks,24
êd,24
pn,23
jô,23
êt,23
ëd,23
zo,22
sé,22
ró,22
wh,21
lö,21
ïe,21
ht,21
bm,21
ze,20
vo,20
îd,20
z ,19
kh,19
îl,19
yu,18
ŵi,18
v ,18
öy,18
nî,18
ix,18
ez,18
dc,18
cc,18
zi,17
ŵs,17
 q,17
në,17
mï,17
lv,17
gá,17
ej,17
ëe,17
äw,17
xi,16
ôd,16
ku,16
gg,16
fŵ,16
cï,16
sk,15
pî,15
îs,15
 ê,15
âs,15
 x,14
ŵo,14
vy,14
îf,14
zu,13
sî,13
pd,13
oë,13
jw,13
íw,13
cá,13
aj,13
aa,13
td,12
rö,12
öe,12
lë,12
ju,12
gî,12
zz,11
xe,11
rỳ,11
nz,11
lk,11
ky,11
ek,11
cí,11
cf,11
bî,11
yj,10
wé,10
óc,10
há,10
ês,10
ëi,10
dê,10
bg,10
án,10
xy,9
ûm,9
rv,9
öw,9
ôm,9
hv,9
hä,9
gc,9
és,9
eë,9
cm,9
bb,9
pc,8
oz,8
ó ,8
iq,8
ëy,8
cb,8
äi,8
xp,7
pô,7
kr,7
ît,7
bh,7
bf,7
aq,7
ÿn,6
ỳm,6
ux,6
tp,6
sq,6
q ,6
oÿ,6
np,6
kl,6
gé,6
fû,6
fà,6
bn,6
à ,6
ỳc,5
xc,5
ŵd,5
sö,5
ôs,5
ós,5
ôb,5
lá,5
kk,5
jâ,5
ïf,5
hc,5
eq,5
êf,5
dé,5
bt,5
ax,5
aï,5
yx,4
ŷl,4
xu,4
xo,4
ẃr,4
ŵm,4
wî,4
üw,4
tû,4
tä,4
sä,4
lé,4
kw,4
kd,4
îp,4
gt,4
gì,4
bû,4
 ,4
zb,3
yz,3
ỳn,3
ỳ ,3
wë,3
vt,3
uz,3
ûn,3
tz,3
tỳ,3
tv,3
sỳ,3
sẃ,3
qa,3
ôp,3
öo,3
mŵ,3
mj,3
kj,3
ìl,3
îc,3
fï,3
fë,3
dp,3
dä,3
cp,3
zs,2
xt,2
xb,2
ŵt,2
ẅi,2
ŵf,2
vl,2
uv,2
uu,2
uj,2
û ,2
tẅ,2
tk,2
té,2
sõ,2
 š,2
rz,2
rý,2
rù,2
rj,2
rè,2
qi,2
oq,2
õo,2
öi,2
ôf,2
 ō,2
nv,2
nq,2
nê,2
mî,2
lí,2
kt,2
km,2
îr,2
iä,2
í ,2
 î,2
hj,2
hh,2
hé,2
fc,2
êp,2
ép,2
éd,2
éc,2
éb,2
dü,2
cé,2
bö,2
bk,2
bé,2
bä,2
ás,2
aë,2
ȃ ,2
 ȃ,2
ӓe,1
zy,1
zv,1
zm,1
zd,1
ŷs,1
ỳl,1
yk,1
ŷg,1
ỳf,1
ýc,1
ý ,1
xw,1
xv,1
xs,1
xl,1
wj,1
wï,1
ŵg,1
wä,1
vw,1
vu,1
vn,1
vk,1
vg,1
ût,1
ûr,1
uq,1
ùd,1
ù ,1
tö,1
tó,1
të,1
šv,1
ši,1
rӓ,1
rx,1
rü,1
qg,1
qe,1
pỳ,1
pk,1
pj,1
pé,1
pá,1
ów,1
oû,1
ōt,1
øs,1
òs,1
ór,1
ôi,1
oï,1
ôg,1
òd,1
ō ,1
ò ,1
 ø,1
ño,1
mx,1
mv,1
mí,1
lz,1
lỳ,1
lò,1
ló,1
lä,1
kp,1
kg,1
jr,1
jm,1
jh,1
ïy,1
ís,1
iñ,1
ïm,1
ïl,1
ìg,1
îa,1
hü,1
hq,1
hö,1
hk,1
gŷ,1
gẃ,1
gö,1
gó,1
gk,1
gj,1
fö,1
fj,1
fí,1
fé,1
fä,1
êu,1
ér,1
ël,1
èl,1
ée,1
eé,1
è ,1
dv,1
dû,1
dq,1
dj,1
dí,1
cŷ,1
cv,1
cò,1
cj,1
cî,1
cg,1
bp,1
bò,1
bc,1
bà,1
bá,1
äo,1
áo,1
ál,1
âg,1
äe,1
áe,1
âc,1
âb,1
ã ,1
 ã,1
