yn ,86915
 yn,73268
dd ,58372
 ma,46766
ae ,41703
mae,41508
au ,41166
 y ,37056
d y,34484
 r ,34241
edd,34016
ydd,32113
 ar,29709
n y,27423
 i ,27061
 o ,25595
 cy,24416
ol ,23206
ddi,22508
eth,22398
th ,22307
 gw,22015
oed,21705
ar ,20997
 gy,20886
wyd,20811
 ei,20135
odd,20032
 dd,19800
yd ,19381
 ga,18857
aet,18378
 a ,18303
iad,18152
 n ,17591
 rh,17464
io ,17081
an ,17029
ei ,16910
n c,16705
n a,16593
wn ,16451
yr ,16319
 ca,16215
 me,15899
 ll,15724
n g,15545
wed,15172
edi,15027
r y,14887
n d,14784
di ,14747
el ,14648
ith,14017
ad ,13707
od ,13571
dau,13523
 we,13238
er ,13047
r a,12856
 fe,12838
 da,12618
l y,12348
on ,12105
d a,12085
ddo,12074
 am,11976
e r,11770
roe,11476
ynn,11313
 he,11275
 hy,10977
r g,10878
ch ,10848
gan,10837
dda,10836
ewn,10790
 ch,10715
ir ,10563
 di,10488
 yr,10322
mew,10318
 ro,10208
 ff,10036
fod,10027
ll ,9916
iau,9853
dia,9840
 de,9685
nol,9582
 dy,9510
en ,9442
id ,9437
 ym,9361
 sy,9297
dol,9279
fyd,9236
yw ,9156
cyn,9155
 un,9154
u a,9136
dio,9064
eu ,9033
hyn,8912
efy,8877
eit,8839
lla,8754
idd,8709
wyr,8704
wy ,8699
 ac,8640
l a,8614
ada,8578
rth,8520
i r,8510
i g,8507
rha,8479
fer,8412
rwy,8381
o r,8362
i d,8350
 go,8337
 dr,8204
dyn,8145
aid,8136
fel,8134
ed ,8120
ai ,8108
gyf,8040
ac ,8002
 tr,7960
n f,7950
nyd,7935
n e,7808
 ni,7795
cyf,7793
ael,7772
ig ,7724
r d,7684
ach,7648
ion,7634
chw,7624
rdd,7600
all,7417
nt ,7359
nia,7302
han,7276
d e,7215
ell,7159
 bo,7159
h y,7123
n o,6980
r c,6975
n b,6952
da ,6940
ara,6880
lwy,6833
 ne,6832
d g,6830
 by,6801
dde,6795
af ,6795
n s,6739
 be,6717
rch,6615
wr ,6604
 pe,6570
r o,6512
 br,6489
nna,6449
gol,6421
nod,6412
d o,6402
hef,6375
 ad,6360
gwe,6303
dwy,6292
 ge,6273
i a,6243
ria,6237
in ,6201
 ys,6166
l e,6164
efn,6150
u c,6128
gyd,6049
y d,6016
 eu,5997
 fa,5989
wys,5969
un ,5963
 oe,5937
dig,5907
d h,5852
y g,5850
wei,5814
e n,5783
 an,5782
y c,5739
ysg,5738
wyn,5734
ys ,5672
yda,5671
yst,5667
ddy,5643
gwy,5627
ni ,5613
d c,5600
es ,5597
iae,5592
thi,5562
u g,5558
d i,5542
 yw,5511
red,5490
 ba,5458
n h,5445
o a,5413
do ,5367
law,5364
n r,5344
i f,5314
ych,5271
ant,5271
 fo,5269
lia,5234
d d,5231
s y,5208
am ,5200
nwy,5196
 co,5189
enn,5180
nau,5150
 se,5149
hau,5135
n m,5130
ryd,5129
gor,5124
u r,5117
 pr,5093
rae,5092
lli,5085
yfe,5083
gwa,5081
ian,5079
rhy,5056
lyn,5039
 ce,5034
lad,4985
y n,4984
rif,4982
u y,4973
rai,4931
 ha,4914
al ,4904
 er,4891
diw,4863
oli,4833
i w,4830
n i,4771
r e,4759
 pa,4742
neu,4734
r h,4702
i c,4685
ann,4679
cae,4669
ang,4663
d m,4659
tha,4658
n n,4646
u d,4643
na ,4636
rio,4629
u h,4627
lle,4612
o g,4603
aen,4598
hyd,4585
def,4567
d b,4549
r b,4498
dar,4494
war,4480
sgo,4479
 sa,4479
yng,4459
ffo,4448
afo,4448
eid,4427
ait,4427
no ,4423
u n,4379
r f,4370
nd ,4363
a r,4363
fan,4356
 â ,4347
dal,4333
os ,4326
ill,4323
o d,4320
 gr,4307
ddw,4299
add,4285
 si,4277
dod,4274
gyn,4271
yll,4263
wer,4214
dei,4177
can,4176
n w,4167
n l,4150
iol,4143
eg ,4139
ano,4138
gae,4114
ain,4113
h a,4112
ynt,4111
lly,4111
 al,4098
byn,4088
tho,4077
yfr,4074
du ,4072
hol,4066
eir,4054
fny,4051
g y,4039
l g,4037
eil,4036
wrt,4034
dro,4018
sia,3998
e g,3994
ail,3983
 cr,3975
hwn,3952
hwy,3948
str,3947
g a,3943
hwa,3938
bod,3935
r s,3922
 en,3922
dra,3918
lae,3907
 at,3904
ia ,3903
lan,3879
i b,3876
fyn,3857
n p,3852
dan,3851
for,3821
r m,3820
i n,3789
 hw,3788
ag ,3786
 bl,3779
nio,3762
i y,3760
ref,3748
nu ,3740
o f,3733
ffr,3728
nig,3717
ned,3716
 ho,3713
a c,3710
byd,3698
o b,3688
 po,3687
awr,3655
y b,3652
 fy,3638
nid,3621
 na,3619
gal,3619
thr,3606
l d,3601
rhe,3600
yni,3591
i h,3588
nnw,3584
ard,3578
dai,3575
led,3569
hai,3567
din,3556
ri ,3553
lai,3548
wel,3547
r p,3528
ben,3526
yfa,3516
l i,3508
 te,3504
len,3501
fe ,3500
s a,3496
tra,3457
ein,3450
arw,3449
nno,3436
rau,3429
c y,3409
awn,3402
uni,3399
d w,3384
yno,3381
as ,3369
ini,3368
ent,3365
u m,3339
aw ,3329
rol,3324
a d,3324
y f,3317
ffe,3312
e d,3305
r r,3302
iod,3298
lio,3297
r t,3295
dae,3289
y t,3282
t y,3276
fre,3272
cho,3263
i e,3256
lei,3246
f y,3244
ros,3239
sio,3234
 wr,3228
dir,3223
art,3222
der,3219
eol,3200
gel,3197
hon,3182
sy ,3180
eri,3173
n t,3172
a g,3167
hed,3165
gen,3164
obl,3161
is ,3160
cha,3156
rei,3147
eis,3147
y r,3139
wyl,3134
 st,3134
era,3133
chy,3126
l o,3116
ffi,3115
r l,3103
wai,3100
et ,3093
ade,3091
 ta,3087
nes,3087
new,3081
enw,3076
hio,3075
lu ,3074
yne,3068
li ,3058
 hi,3052
mwy,3039
ana,3033
 do,3011
hre,3009
i i,3008
gos,3003
iri,3001
est,2987
rad,2986
l m,2985
hi ,2977
ng ,2972
fei,2972
ngh,2960
odi,2955
 wa,2953
mer,2952
go ,2949
ddu,2948
lod,2943
y p,2940
hia,2933
il ,2929
ife,2929
d p,2926
d f,2918
sod,2917
caf,2909
ran,2908
 ra,2905
yth,2898
d s,2891
yma,2890
eb ,2878
ro ,2874
hu ,2874
 la,2872
w r,2870
oes,2864
nae,2859
or ,2851
ond,2849
yna,2847
y s,2843
ech,2842
ngo,2841
l c,2836
iff,2832
u o,2831
wch,2811
ôl ,2809
tre,2806
fen,2806
d r,2803
ste,2802
 no,2788
lyg,2788
ymd,2782
par,2781
r u,2779
 mw,2770
and,2768
ane,2766
ord,2764
sta,2752
arc,2745
ist,2737
nni,2723
bar,2723
 aw,2712
ath,2712
isg,2710
chr,2709
y m,2696
fwy,2696
fa ,2694
ob ,2692
bob,2690
og ,2687
nny,2686
at ,2683
gwr,2681
 on,2677
ud ,2671
 ôl,2667
lau,2666
u e,2663
ef ,2657
u b,2645
nnu,2643
ynh,2642
yfl,2642
u f,2635
 fw,2634
i l,2631
 bw,2631
u i,2629
far,2617
ori,2608
syl,2604
dyd,2586
taf,2571
ani,2557
 th,2551
ewi,2545
yny,2544
hyw,2543
iai,2534
r i,2531
llw,2528
yff,2519
pen,2503
ola,2495
eud,2494
cym,2485
 mo,2484
ert,2484
m y,2480
u p,2478
d n,2473
d t,2471
wyt,2468
sef,2468
chi,2464
o i,2463
e h,2454
erd,2452
ryw,2443
 wy,2436
ado,2435
llt,2432
yrc,2431
arf,2431
l f,2427
u s,2426
llu,2403
ewy,2403
odo,2388
lun,2387
ren,2379
bwy,2379
u t,2374
o y,2374
bl ,2365
res,2363
swy,2353
e c,2350
adw,2350
 gl,2342
fri,2342
gar,2333
 dw,2327
oda,2319
 le,2316
iwe,2315
ter,2313
rff,2309
 ia,2309
 ef,2305
awe,2305
lir,2304
if ,2291
fy ,2284
l h,2280
che,2272
iwy,2271
oga,2267
log,2267
sto,2264
tia,2262
 u ,2258
saf,2256
la ,2256
hod,2253
rac,2249
rod,2247
llo,2240
y l,2238
 ph,2236
n u,2236
h g,2236
 ty,2229
ded,2225
wya,2220
tri,2212
 pl,2209
wah,2208
hel,2207
d l,2200
i m,2198
wne,2196
ole,2195
 my,2192
gri,2191
fra,2189
r w,2187
neg,2185
isi,2180
thu,2177
le ,2177
us ,2158
ila,2150
dim,2149
bla,2148
bro,2146
arn,2136
i s,2134
gu ,2132
 ag,2131
pob,2127
ra ,2124
ser,2118
nta,2112
s g,2111
syd,2096
per,2085
ili,2084
 re,2075
har,2069
erf,2067
e a,2065
rin,2064
 or,2061
ur ,2059
nif,2055
osi,2050
wis,2046
ym ,2040
lch,2040
e p,2038
trw,2031
nag,2031
hyf,2030
i o,2029
idi,2025
air,2012
hw ,2005
ffy,2002
ywi,2001
h o,2001
gym,2001
 wn,1998
tro,1998
eni,1998
raw,1989
eny,1986
deg,1985
ers,1984
ymu,1973
 cw,1968
och,1963
im ,1959
cer,1957
o n,1955
yaf,1952
 bu,1944
h i,1941
ari,1939
hen,1933
dor,1931
tyn,1928
aha,1928
 sw,1926
mry,1924
ma ,1917
 fl,1917
hoe,1915
fat,1913
orf,1912
aml,1912
u l,1897
c a,1897
awd,1897
hra,1892
gle,1888
myn,1885
mdd,1885
ff ,1884
wl ,1881
dre,1880
erc,1876
gia,1875
oso,1868
ina,1868
nhw,1866
 cl,1866
was,1862
erb,1860
a i,1859
ate,1855
g n,1848
ene,1848
raf,1842
sgr,1832
fio,1832
sty,1830
gwi,1827
mau,1826
ny ,1824
mat,1824
nad,1820
e m,1819
h c,1816
dil,1816
dat,1816
bri,1811
med,1809
 mi,1807
oly,1803
ifa,1803
nas,1800
ron,1798
l s,1792
haf,1789
the,1787
ily,1786
hyr,1779
her,1778
ryn,1771
chu,1769
oi ,1768
 nh,1768
ywo,1767
tor,1767
bac,1767
ral,1764
pri,1764
 is,1762
rby,1760
bly,1759
wir,1758
leo,1758
sym,1757
 id,1751
las,1750
mor,1749
fed,1749
wm ,1738
ffu,1737
iaw,1735
san,1734
sti,1733
i u,1731
dif,1730
a m,1728
drw,1721
nc ,1717
ly ,1717
f a,1715
gwn,1713
fno,1713
lyd,1708
ylc,1707
ndd,1705
wna,1702
a p,1702
 sg,1695
 ol,1694
g o,1688
deb,1686
thw,1684
o c,1681
 pw,1676
aff,1674
 ae,1674
wla,1673
w y,1670
gra,1666
anc,1664
ago,1656
si ,1655
wod,1654
e w,1651
l b,1650
lon,1645
o h,1642
fla,1638
dym,1636
ymh,1633
a b,1633
a a,1630
off,1629
eno,1626
l r,1624
nrh,1621
tal,1615
rho,1615
w n,1611
 ai,1609
 ry,1608
iwr,1605
yme,1604
h d,1602
adl,1602
oll,1601
e e,1599
adu,1598
f o,1592
dwe,1590
awy,1590
ydy,1584
gla,1579
w a,1578
 hu,1577
awl,1576
fur,1575
r n,1574
men,1574
euo,1574
car,1573
ydi,1564
fil,1563
int,1561
gwl,1558
lin,1553
ryc,1552
rfe,1551
den,1551
gys,1548
dur,1547
rda,1543
rys,1538
nge,1538
 du,1536
saw,1535
o s,1535
elo,1534
ffa,1533
 as,1533
s d,1532
re ,1528
aro,1528
fon,1526
r ô,1523
ru ,1519
udd,1518
elw,1515
 w ,1512
mar,1509
dec,1505
mod,1503
ta ,1499
flw,1497
dis,1497
asa,1496
ywy,1493
oni,1493
thy,1491
m m,1487
l w,1479
a s,1479
i p,1477
asi,1477
nw ,1476
edw,1476
fia,1472
ast,1472
l p,1470
asg,1469
tod,1467
doe,1462
s c,1461
ans,1460
h h,1459
gai,1459
amr,1448
reu,1447
e y,1445
tei,1441
fle,1441
o w,1439
pwy,1437
anf,1437
fyl,1436
h f,1429
nyw,1427
hos,1425
 yc,1420
nhy,1418
ino,1418
pro,1417
e i,1416
try,1414
 tu,1413
igo,1412
dry,1410
nai,1408
adr,1400
t a,1399
nel,1398
wyb,1395
oro,1394
iw ,1394
dog,1393
ysy,1390
bu ,1390
ams,1390
orm,1388
aws,1388
ynd,1385
ale,1383
igw,1382
eic,1381
ego,1376
ger,1375
ono,1373
a t,1373
liw,1372
o m,1370
ema,1369
uch,1368
gyr,1368
ho ,1367
fyr,1367
leg,1364
h e,1363
arh,1363
rhw,1361
odw,1361
o o,1357
mai,1357
edo,1357
g m,1355
g g,1353
dyl,1350
ali,1350
rll,1349
lyw,1347
d â,1347
a y,1347
cys,1346
lo ,1345
tio,1343
neb,1339
nog,1334
bry,1333
ysi,1332
ydl,1330
yho,1329
sen,1328
mse,1327
tai,1325
ric,1325
i t,1322
yli,1320
ddf,1320
 fr,1317
 gi,1316
dfa,1316
dle,1315
h m,1313
ied,1312
nha,1309
ogi,1308
g i,1306
fai,1305
a f,1305
urf,1304
ore,1304
hun,1304
god,1304
o e,1303
hwe,1302
wid,1301
hag,1301
dwr,1297
ero,1295
eng,1295
ymo,1294
loe,1292
siw,1287
de ,1287
eli,1284
nde,1283
unr,1280
laf,1278
heo,1274
l n,1269
rof,1264
blo,1264
hwi,1263
fol,1263
w g,1262
arl,1261
bei,1259
ban,1257
 et,1256
eff,1253
edr,1252
tyr,1251
ris,1247
ti ,1245
ml ,1241
ede,1241
edl,1239
o l,1236
s i,1234
anw,1234
naf,1233
ydr,1230
ely,1230
dwa,1229
dad,1229
aif,1228
d u,1227
son,1225
eda,1225
nti,1224
cor,1224
m o,1223
iwn,1223
tu ,1222
gad,1222
lys,1220
sg ,1219
s m,1218
ong,1215
edu,1212
dys,1210
 to,1209
wio,1208
tig,1208
cre,1207
sgl,1206
wng,1205
 uc,1205
pan,1203
anl,1203
l t,1200
wi ,1199
ifi,1196
hei,1196
leu,1194
it ,1194
ŵr ,1192
ylw,1189
yl ,1187
ela,1185
yfn,1184
wrd,1182
arb,1176
had,1175
yfy,1173
e t,1173
m a,1172
wri,1170
 oh,1169
ica,1168
heb,1166
ode,1165
s h,1164
ws ,1162
lac,1162
e b,1161
ele,1160
ine,1159
dw ,1154
gio,1152
yri,1151
iog,1150
afl,1149
esi,1147
ber,1145
fly,1144
wia,1141
ndi,1141
arg,1141
nwa,1138
hes,1138
ha ,1138
rn ,1137
dri,1136
maw,1134
bet,1134
ygu,1132
faw,1130
ame,1126
ala,1125
 fi,1124
dyf,1124
cad,1124
ymy,1122
a l,1120
sol,1114
mgy,1112
cry,1111
e s,1110
yml,1109
pla,1108
fo ,1108
tem,1107
gau,1107
cyh,1106
a h,1106
lyf,1102
man,1101
dla,1101
bel,1101
 ng,1100
gof,1100
ull,1099
ais,1098
rd ,1096
lwe,1096
amg,1096
ofi,1095
udi,1094
 ti,1094
chn,1094
yrd,1092
lew,1091
nly,1089
u w,1086
sba,1086
êl ,1085
dy ,1085
 af,1084
oe ,1083
bre,1080
ble,1077
l l,1070
gyl,1068
teb,1065
m d,1065
uno,1063
sys,1063
gi ,1063
fwr,1063
mla,1062
 ci,1060
glw,1059
 el,1058
rw ,1057
yg ,1055
dŵr,1054
aea,1054
ama,1053
dus,1050
 if,1048
m g,1047
s o,1044
mud,1044
chg,1044
tad,1043
ygi,1042
w d,1042
bra,1041
erw,1039
ata,1039
aed,1039
del,1037
fro,1035
 of,1031
are,1031
aes,1028
lym,1026
wil,1025
deu,1025
lfa,1024
sig,1022
nn ,1022
hir,1019
daw,1017
fi ,1016
a n,1016
ted,1015
hys,1015
stu,1012
c m,1009
rno,1006
rfy,1006
ysb,1001
alw,1001
gre,1000
wan,999
odr,995
hy ,995
â r,993
t g,986
iar,986
sau,985
nty,983
ewr,980
cei,977
mde,976
don,974
fal,973
sai,972
ghy,972
em ,969
end,967
haw,966
gry,966
eby,966
 eg,965
rŵp,964
grŵ,964
eld,961
pry,959
erm,959
e l,956
cro,955
ort,953
 rw,952
g d,952
wle,951
s f,948
rfi,948
h b,948
 es,948
ry ,945
ora,945
tr ,944
syn,943
h s,942
eul,939
fin,938
lw ,936
eco,935
s b,934
fae,934
y w,932
ras,931
col,930
f g,929
s e,927
ram,925
fn ,925
so ,923
w c,919
lti,917
g c,916
dyc,916
igi,915
con,914
cef,913
nos,912
fac,912
nfo,911
ged,909
cia,909
byg,909
uwc,908
nac,908
ioe,907
wro,906
s s,906
ymr,905
nil,905
tan,902
ne ,902
lef,902
ery,901
wre,899
g e,899
dos,898
dew,898
ŵp ,896
fu ,896
atr,896
rmi,894
sur,893
osb,893
ci ,893
ati,893
rfo,891
ifo,891
ilm,890
wad,886
edy,886
ic ,883
fft,881
h w,880
teg,879
wae,878
atb,875
ect,874
ghr,871
tbl,870
nne,869
sei,868
cai,868
rwe,866
m e,866
olw,863
une,860
nsi,860
ydo,859
rs ,859
b a,859
ega,857
iyn,855
 uw,854
t d,854
byw,854
ner,852
st ,851
ogl,851
gil,850
lwr,849
cam,849
win,847
a o,847
fry,846
ymw,844
wal,843
ens,842
rec,840
gog,839
ymg,836
 gê,836
ost,835
has,835
cyd,834
mun,833
w m,832
rbe,832
f i,832
 wl,831
aer,831
own,830
 ly,828
t o,827
nga,827
 fu,825
ose,823
hae,823
ple,821
 dŵ,821
nei,819
 ed,819
nab,818
aru,817
dyw,816
anh,816
mis,814
dul,814
pêl,812
gei,811
amp,811
pre,810
grw,808
dna,806
rig,805
mia,805
rfa,804
yso,803
ind,803
inc,803
lbw,802
frw,802
wen,801
nll,800
dlo,799
niw,798
hro,798
row,797
b y,796
wyf,794
tir,794
ân ,794
o t,793
y a,791
wog,788
n ô,788
iso,786
gêm,784
 in,783
ped,782
mi ,782
adn,782
 os,781
onn,781
hge,781
egl,781
did,781
 yd,780
uro,780
elf,778
wd ,777
rat,777
act,776
sgw,774
rni,773
sne,771
h n,770
bwr,769
alo,769
 pê,767
ngw,766
lit,766
w e,765
 sb,765
f e,764
one,761
hri,760
by ,759
yrr,757
gro,757
 oc,756
roi,755
riw,754
rym,752
ohe,752
iei,752
bys,752
sgu,750
let,750
ryf,749
amd,749
 wi,748
ynu,747
su ,747
rso,747
f d,746
agl,743
omi,742
l u,742
rf ,740
osg,740
ngl,740
lif,740
ors,738
ybo,736
nal,736
lt ,736
ena,736
bed,735
s p,733
to ,732
rie,732
das,732
oma,731
iny,731
nyn,730
hin,730
cwm,730
met,729
siy,728
nso,728
rog,727
mhe,722
ygo,721
alb,720
ntr,717
 li,717
g f,717
sae,716
efe,716
cto,716
ywe,714
wrn,713
wmn,712
rdi,712
w h,710
o p,710
g h,709
 lo,708
aew,707
lwc,706
ld ,706
ear,705
yra,703
tun,701
ilw,701
und,700
olo,698
glu,696
rna,695
sed,694
rpa,692
orl,692
esy,692
ses,690
adi,690
sel,689
hna,689
fau,688
sgi,687
goe,687
y y,686
tel,685
aso,685
yla,683
ydw,682
sby,682
tud,680
hym,679
h r,679
cen,679
mio,677
una,676
s n,676
naw,676
dli,676
s t,674
nor,673
yfo,672
w i,672
glo,672
sie,671
sga,671
uri,670
mel,668
cod,668
esg,667
êm ,666
dr ,666
ato,666
arp,666
nom,665
m f,665
pia,664
rsa,663
ich,661
rsi,660
fas,660
iga,659
dfe,659
cyl,659
atg,659
yf ,658
afa,656
esa,655
ona,654
 og,654
esu,654
iby,652
rtr,651
pas,651
t e,650
thn,648
dlu,648
sge,646
yrw,645
ony,645
nat,643
hno,643
sgy,642
 ec,642
rti,639
rc ,639
eif,638
rop,637
yre,636
hao,635
ogy,634
nhe,632
ira,632
gon,629
eua,629
bon,626
ulu,625
hry,625
 pi,623
mil,623
wbl,621
we ,620
alm,620
p o,619
dha,619
ome,618
yde,617
phe,617
w o,616
w f,615
cri,615
y o,614
mes,614
bol,614
rm ,613
pet,612
m b,611
udo,610
ynl,609
wst,608
tur,608
rws,608
ogo,608
ynw,607
rga,606
hoi,606
g s,605
ere,605
nwe,604
f f,603
wra,602
rde,602
iwm,602
 ew,602
ern,601
w b,600
 lw,600
dyg,600
a w,600
orc,599
br ,599
oge,598
nhi,598
ise,598
 tw,597
lwg,597
ddh,596
mhl,595
h t,595
gli,595
eo ,595
ify,594
fys,594
coe,593
yfu,592
lff,592
f c,591
s l,589
mas,589
ga ,589
thl,588
dem,588
rob,585
rhi,585
chl,585
rir,584
idy,584
cio,584
ymc,583
mch,583
lwi,582
ffw,582
wg ,581
pei,581
enh,581
thg,580
luo,580
e f,580
yrf,578
t c,578
op ,578
oet,578
s r,577
 py,577
s w,576
orw,576
t h,575
ese,575
lma,574
fey,574
tyw,573
nda,573
asn,573
coc,572
cas,571
hur,570
wdd,569
 ie,569
eti,569
mni,568
lus,567
efa,567
rt ,566
soe,565
yse,564
 so,564
o u,564
 bi,564
ler,563
tar,562
hr ,561
 e ,561
wb ,560
f m,560
anu,559
t i,558
nys,556
ca ,556
dib,555
uod,554
sna,554
iro,554
hor,554
ybr,553
tau,553
ofn,552
h p,552
gef,552
â c,552
nar,551
ifr,551
atu,551
ddr,550
c e,550
eto,549
g w,548
g r,547
uol,546
mos,546
aeo,546
bio,545
a u,544
egi,543
meg,542
cof,542
eyd,541
u u,540
m c,540
ial,540
sib,539
rid,538
oc ,538
ffl,538
esw,538
mpa,537
gaf,537
lid,536
oho,534
e o,533
rri,529
egr,527
dag,527
t f,525
m h,525
hud,525
 su,524
nof,524
t m,523
 mh,523
fes,523
nte,522
lem,520
f w,520
foe,519
ten,518
ylu,517
um ,517
ul ,517
tym,517
h l,515
wdu,514
cyr,514
tiw,513
hyl,513
hal,513
he ,512
ced,512
thd,511
m w,509
twr,508
aig,507
t w,506
iop,504
ido,504
anb,504
cra,503
olf,502
gl ,502
ge ,502
edf,502
lde,501
apu,500
abo,500
ici,498
hle,498
mon,497
lig,497
f h,497
tua,495
rge,495
nis,495
nus,494
ft ,494
bwm,494
lud,493
wmp,492
ysu,491
t b,489
ynr,488
 pu,488
nan,488
ïau,488
amo,488
n â,487
mei,487
iec,487
sic,486
pel,486
mys,486
sir,484
nwi,482
nba,482
lm ,482
ilf,482
afr,482
bia,480
w p,479
flu,479
w s,478
îm ,478
 od,477
l â,477
se ,476
ngy,476
few,474
 ri,473
reo,473
ean,473
anr,472
g b,471
te ,470
ida,468
deo,468
fyw,467
eso,467
pio,466
efr,466
b c,465
w w,464
ont,464
icr,464
ebu,464
adf,464
wol,463
pa ,461
tif,460
orr,459
oeg,459
f s,459
b g,458
reg,457
ogr,457
nry,457
ngi,457
yt ,456
heu,455
efi,455
afe,455
iat,453
wll,452
ing,452
aby,452
rea,451
pur,451
ile,451
ote,449
hig,448
asu,448
a e,447
yta,446
csi,446
bor,446
ylf,444
uon,444
pol,444
mho,444
dam,444
rwo,443
s u,442
nir,442
eia,442
m s,441
alu,441
wns,439
rwm,439
rot,439
 gŵ,437
ofa,436
gha,436
wes,435
rra,435
irn,435
wig,434
flo,434
unw,431
rwa,431
aod,431
t t,430
ide,430
gam,430
clo,430
ton,429
efo,429
yrn,428
hog,427
g t,427
fig,427
dwn,427
lec,426
hli,426
ham,426
gem,426
e u,426
ued,424
ofy,424
elu,424
cel,424
cal,424
sa ,422
byt,422
old,421
hga,421
rag,420
dwl,420
het,419
loc,418
ibl,418
wnn,417
nsa,417
bos,417
nfa,416
ysa,415
o â,415
mha,413
lfe,413
fr ,413
b d,413
â g,413
hob,412
any,411
lat,410
g p,410
dwi,410
uan,409
emo,407
ywa,406
tom,406
oto,405
 ea,405
b u,404
 tî,403
bae,403
tîm,402
 ja,402
eta,402
org,401
ody,401
mca,401
amc,401
 mô,400
t s,399
byr,399
phr,398
hof,398
wsi,397
urd,397
rma,397
iwi,397
afu,397
ymp,395
nam,395
yfi,394
tec,393
hif,393
ust,392
usn,392
opa,392
môr,392
gwm,391
ura,390
ogw,390
myl,390
ltu,389
ew ,389
fie,387
nfe,386
mlw,386
u â,385
ope,385
eai,385
aol,384
wyo,383
pum,383
eon,383
enc,383
sbe,382
gyh,382
yga,380
ofo,380
obr,380
mp ,380
ab ,380
enu,379
mo ,378
b e,378
wni,376
ua ,376
fud,376
orn,375
ofr,375
min,375
les,375
hem,375
wli,374
tie,373
wnd,371
myf,371
hwr,371
dŵ ,371
ns ,370
mu ,370
wc ,369
pos,369
nff,369
ebo,369
ty ,368
sil,368
por,368
oti,368
ôr ,368
fis,368
c i,368
aci,366
rgy,365
nwr,365
lof,365
âr ,365
idl,364
etr,363
rus,362
ôn ,362
nin,361
cle,361
w t,359
noe,359
ete,359
teu,358
afi,358
erl,357
w l,356
wob,355
rit,355
m n,355
got,355
ygl,353
wf ,353
tsi,353
rgr,353
swe,352
ndo,352
igr,352
fun,351
awf,351
eun,350
com,349
bus,349
ymb,348
fid,347
chd,347
ges,345
eig,345
m r,344
uo ,343
uny,343
 tŷ,343
nwo,343
lor,343
iti,343
f b,343
eba,343
ea ,343
ipi,342
iac,342
hyt,342
gly,342
blw,342
weu,341
bec,341
nci,340
gas,340
y e,339
set,339
m i,339
pys,337
eal,337
odu,335
gwb,335
gin,335
alc,335
ibi,333
swm,332
eim,332
itl,331
gŵr,331
cla,331
tyf,330
hly,330
api,330
mol,329
hlo,329
y h,328
ofe,328
 nw,328
egw,328
ddl,328
bi ,328
ace,328
ot ,327
llg,327
eus,327
clw,327
iaf,326
des,326
ndr,325
amh,325
 ts,324
seg,324
odl,324
mpw,324
cyc,324
fet,323
ead,323
 d ,323
cat,323
aul,323
rwr,322
roc,322
rdo,322
 mu,322
cti,322
ota,321
bau,321
rci,320
 cu,320
ba ,320
fua,319
rlu,318
ldi,318
c o,318
g u,317
goc,317
eru,317
sin,316
c r,316
â p,316
ytu,315
mwn,315
mwe,315
mal,315
hiw,315
rwc,314
mly,314
lis,314
non,313
nïa,313
llf,313
lgo,313
ghe,313
ilo,312
iam,312
hyg,312
cos,312
wgr,311
tes,311
syr,311
inw,311
gho,311
f p,311
wno,310
tog,310
ocs,310
iml,310
gfe,310
f r,310
elp,310
pu ,309
hne,309
dl ,309
tol,308
heg,308
b i,308
ylo,307
rom,307
pau,307
ebi,307
b m,307
amw,307
om ,306
hdr,306
hfa,305
afn,305
pho,304
iwt,304
ase,304
wa ,303
toc,303
ien,303
olb,302
áu ,302
 lu,301
cyt,301
wbe,300
nul,300
bo ,300
rsy,299
ib ,299
brw,299
mdr,298
iha,298
eib,298
ynf,297
c f,297
esn,296
â d,296
onf,295
iry,295
eod,295
nib,294
lmi,294
iwc,294
fyg,294
ciw,294
awo,294
afw,294
nyr,293
dfr,293
bat,293
t p,292
cwr,291
cly,291
eor,289
ret,288
ibe,288
fab,288
df ,288
geg,287
sid,286
pha,286
ngr,286
ico,286
fad,286
daf,286
oci,285
g l,285
git,285
ars,285
uad,284
f l,284
wau,283
mad,283
wym,282
los,282
c n,282
b b,282
lwb,281
ymi,280
bud,280
ŷn ,279
toi,279
emi,279
die,279
abe,279
sbr,278
rdy,278
p y,278
lie,278
 iw,278
â i,277
ysw,276
rwn,276
dly,276
asw,276
uoe,275
ryg,275
lyt,275
tŷ ,274
nth,274
eoe,274
ctr,274
net,273
gid,273
fnu,273
c w,273
tis,272
tat,272
oen,272
miw,272
thf,271
oer,271
esb,271
b p,271
t l,270
â s,270
t r,269
opi,269
rnh,268
mda,268
 tâ,267
doc,267
b s,267
apa,267
ywu,266
wun,266
p a,266
lur,266
irw,266
enf,266
dwc,266
bum,266
agw,266
pal,265
bai,265
top,264
rwp,264
hus,264
âu ,264
lam,263
wrs,262
pap,262
nca,262
wry,261
tru,261
sis,261
pwr,261
mab,261
dyr,261
ut ,260
m l,260
iwg,260
clu,260
rne,259
iwl,259
eha,259
 eh,259
wpi,258
nho,258
ild,258
chf,258
bab,258
oel,257
ngu,257
ywb,256
wth,256
yle,255
fam,255
 gâ,254
isa,253
f n,253
eih,253
cwy,253
bin,253
ydn,252
pat,252
mag,252
t n,251
sut,251
m p,251
 ml,251
mec,251
isw,251
hân,251
fag,251
ecs,251
ct ,251
 op,250
mig,250
ary,250
amb,250
uae,249
lha,249
deh,249
w u,248
be ,248
awi,248
wnt,247
ŵer,247
phl,247
lwa,247
g â,247
aca,247
bas,246
fne,245
ybl,244
wit,244
rmo,244
osf,243
tga,242
nse,242
 hŷ,242
hla,242
egu,242
bal,242
nyc,241
lot,241
hŷn,241
wyg,240
gat,240
gân,240
ami,240
tin,239
egy,239
sla,238
lpu,238
gob,238
fug,238
aur,238
sog,237
nfu,237
lar,237
aba,237
sof,236
eyr,236
 au,236
agn,236
c u,235
 bê,235
ŵn ,234
udw,234
lwn,234
fec,234
ddŵ,234
bêl,234
igy,232
hap,232
gue,232
sff,231
gyt,231
gfa,231
fot,231
fnd,231
eaf,231
stw,230
rru,230
rôl,230
cyw,230
ahâ,230
ygf,229
tân,229
lf ,229
ige,228
yty,227
twy,227
rhu,227
caw,227
ytr,226
yo ,226
abi,226
ygy,225
lol,225
ime,225
arr,225
swi,224
mgu,224
lba,224
hea,224
wo ,223
uwy,223
rte,223
rta,223
pi ,223
gyw,223
duw,223
cap,223
hgy,222
dru,222
hoc,221
b t,221
rly,220
reb,220
cs ,220
co ,220
pwl,219
ory,219
mge,219
enr,219
â t,219
 sl,218
m t,218
f t,217
fog,217
fni,217
cwp,217
nto,216
eca,216
ap ,216
tl ,215
mic,215
gr ,215
eat,215
pra,214
ybi,213
 jo,213
fti,213
dlw,213
wto,212
táu,212
atá,212
of ,211
eme,211
abl,211
târ,210
nea,210
lab,210
ïo ,210
h â,210
c g,210
pin,209
itâ,209
r â,208
pl ,208
moc,208
lyc,208
awg,208
ima,207
fyf,207
tws,206
tac,206
nyl,206
mam,206
dea,206
atw,205
uli,204
tff,204
myd,204
cws,204
onc,203
jap,203
yfw,202
 pŵ,202
ocr,202
nit,202
ita,202
gop,202
blh,202
fiw,201
bil,201
mbo,200
ehe,200
h u,199
ywf,198
yrh,198
 wo,198
uag,198
osa,198
oco,198
iet,198
syc,197
huf,197
dom,197
y i,196
wfa,196
taw,196
rnw,196
rfl,196
rap,196
nfy,196
 ap,196
uog,195
seb,195
tab,194
ryl,194
fna,194
ync,193
wsa,193
sra,193
rud,193
 ny,193
myg,193
cli,193
olc,192
irf,192
eip,192
b r,192
wef,191
tgy,191
sle,191
sbo,191
idw,191
b f,191
acs,191
lte,190
twn,189
 ô ,189
isr,189
hde,189
gir,189
â l,189
ufe,188
cta,188
yrs,187
uga,187
pŵe,187
ice,187
erg,187
byc,187
ygw,186
wt ,186
err,186
crw,186
sbl,185
mnï,185
ege,185
ieu,184
hda,184
 ab,184
eau,183
 rô,182
gne,182
eci,182
omo,181
mlo,181
lal,181
idf,181
gna,181
cop,181
â b,181
urn,180
rli,180
frg,180
yc ,179
ump,179
tys,179
 t ,179
nsw,179
geo,179
 cn,179
â h,179
ydf,178
wec,178
ts ,178
lga,178
âp ,178
â m,178
agf,178
opo,177
n j,177
hyb,177
foc,177
dug,177
sit,176
pea,176
olr,176
ogf,176
ics,176
tyd,175
tno,175
moe,175
lwm,175
 em,175
hub,174
rwd,173
rbr,173
pam,173
u ô,172
rem,172
lyb,172
b o,172
awt,172
stn,171
slo,171
odf,171
ins,171
gis,171
lom,170
gaw,170
fus,170
bot,170
bag,170
wga,169
sfa,169
pti,169
pai,169
ebr,169
atf,169
rre,168
rlo,168
owl,168
yld,167
tim,167
hat,167
uen,166
ldr,166
ite,166
mff,165
lfy,165
jan,165
ifl,165
gur,165
alg,165
yro,164
ymf,164
 sm,164
hil,164
fir,164
sif,163
sam,163
ril,163
oca,163
hlu,163
gwt,163
syt,162
hyc,162
age,162
rwg,161
oru,161
mle,161
igl,161
b h,161
wag,160
ocy,160
ntu,160
nri,160
sul,159
siâ,159
m u,159
lrw,159
 iâ,159
hom,159
hew,159
aty,159
wti,158
tge,158
rbo,158
oad,158
mwa,158
ên ,158
aus,158
web,157
uth,157
twm,157
sal,157
onw,157
 gu,157
cwb,157
iâp,156
 h ,156
wdi,155
ibr,155
mpo,154
gwo,154
fos,154
asy,154
ya ,153
gom,153
gig,153
cud,153
tyl,152
swl,152
mpi,152
fli,152
dey,152
nen,151
mot,151
 m ,151
gy ,151
dfw,151
ao ,151
wly,150
rip,150
rel,150
mô ,150
det,150
wrw,149
sac,149
rib,149
pig,149
imi,149
gê ,149
rgl,148
nh ,148
mga,148
uos,147
uda,147
tâ ,147
oid,147
eue,147
cte,147
bli,147
awb,147
wyw,146
tae,146
pte,145
psi,145
p g,145
gno,145
ffô,145
fbw,145
bwn,145
afb,145
ygr,144
ugl,144
thm,144
nja,144
mhw,144
inj,144
fôn,144
âd ,144
wrp,143
wpl,143
s â,143
rnï,143
rên,143
ply,143
nct,143
mhr,143
c c,143
bwl,143
abw,143
ysl,142
pe ,142
hie,142
hgr,142
dno,142
cwe,142
yhu,141
tas,141
irg,141
fao,141
chb,141
pop,140
poe,140
ldd,140
goi,140
ewc,140
dip,140
 yf,139
tla,139
sor,139
nwl,139
lgy,138
lfr,138
ign,138
bym,138
ugo,137
ruc,137
rle,137
oba,137
lip,137
ior,137
hbe,137
fru,137
pyn,136
me ,136
f u,136
fl ,136
d j,136
yb ,135
pus,135
ons,135
idr,135
eut,135
 câ,135
ape,135
roa,134
nef,134
mpl,134
agu,134
otw,133
arm,133
wcl,132
obe,132
mâu,132
iwb,132
ets,132
won,131
pto,131
oyw,131
nic,131
 ep,131
dso,131
b l,131
yby,130
c d,130
ŵyl,129
mac,129
ip ,129
wnc,128
po ,128
oth,128
obi,128
ilg,128
iel,128
ec ,128
ebl,128
cwa,128
c s,128
cil,128
yrt,127
tam,127
nïo,127
ncw,127
mgo,127
eys,127
plw,125
bw ,125
wnf,124
sus,124
plo,124
nra,124
ety,124
enl,124
pot,123
oce,123
mra,123
 il,123
ie ,123
dne,123
urw,122
thp,122
sme,122
sec,122
pod,122
mpe,122
itr,122
cot,122
wyc,121
t u,121
cem,121
b w,121
ub ,120
rmw,120
oea,120
iwd,120
hpw,120
gyb,120
gdd,120
eur,120
wâr,119
tyb,119
sbi,119
pae,119
mro,119
fuw,119
ebw,119
dwf,119
crh,119
ror,118
opt,118
nym,118
â n,118
som,117
sgï,117
rrw,117
mbr,117
 je,117
isl,117
gyc,117
gwâ,117
dds,117
cog,117
big,117
baw,117
wet,116
rbi,116
phy,116
mth,116
faf,116
euw,116
ymt,115
 ŵy,115
uw ,115
rab,115
osw,115
nud,115
ird,115
dyb,115
alf,115
agi,115
rts,114
p c,114
lwo,114
hug,114
epi,114
eio,114
chm,114
sar,113
pon,113
ncr,113
lic,113
ire,113
hmy,113
wif,112
ug ,112
isy,112
dwb,112
dîm,112
 dî,112
unu,111
tid,111
sem,111
rpe,111
ïae,111
cwl,111
aic,111
nws,110
nce,110
mru,110
mdo,110
 im,110
fwe,110
fib,110
êr ,110
dic,110
cwc,110
tue,109
ow ,109
osy,109
ops,109
nsy,109
lco,109
 ir,109
 io,109
gow,109
cin,109
boe,109
agd,109
srw,108
fwn,108
fit,108
elg,108
 dâ,108
wpa,107
uso,107
 sê,107
 pâ,107
ngd,107
fyt,107
egn,107
bap,107
apt,107
lme,106
fnf,106
wdr,105
wda,105
ryb,105
rbw,105
phw,105
pâr,105
cân,105
yhy,104
rny,104
 gô,104
eho,104
ecy,104
ce ,104
cau,104
yau,103
prw,103
icw,103
hac,103
yol,102
use,102
sad,102
olh,102
iâ ,102
his,102
elm,102
cab,102
sud,101
pws,101
mw ,101
mli,101
loi,101
inn,101
usa,100
rïa,100
ohn,100
joh,100
ïol,100
ies,100
i â,100
smo,99
ntw,99
myr,99
ls ,99
lea,99
fta,99
paw,98
nhr,98
lc ,98
c h,98
wsu,97
ulo,97
ths,97
sim,97
rla,97
ict,97
hec,97
b n,97
biw,97
aga,97
ydb,96
ybu,96
wsn,96
pwe,96
nyt,96
ios,96
hâ ,96
feg,96
dih,96
dfo,96
â f,96
tos,95
 sŵ,95
p h,95
aoe,95
 ur,94
tsw,94
swr,94
gni,94
gap,94
boc,94
ydu,93
wsg,93
sôn,93
sh ,93
phi,93
opï,93
lân,93
lag,93
hn ,93
dbw,93
trê,92
rmy,92
orb,92
mbi,92
ipl,92
hdy,92
wsm,91
mit,91
mba,91
lge,91
ier,91
hit,91
hfe,91
dun,91
ume,90
tw ,90
 sô,90
noc,90
mpt,90
mbe,90
irl,90
gfy,90
ddg,90
byl,90
aly,90
rry,89
rpr,89
rfw,89
ocw,89
lyr,89
lŷn,89
ïon,89
iag,89
hop,89
glŷ,89
 cô,89
blu,89
twf,88
p m,88
get,88
wrc,87
tef,87
sŵn,87
smi,87
 ru,87
p d,87
jam,87
ito,87
irp,87
ipt,87
gip,87
frf,87
fow,87
fic,87
cso,87
anm,87
acw,87
sïa,86
igu,86
â u,86
aco,86
wye,85
 ŵr,85
wfe,85
tiy,85
sma,85
mey,85
 cŵ,85
aré,85
utu,84
llb,84
lhe,84
hyh,84
hŷ ,84
hrw,84
hid,84
 eb,84
dân,84
tne,83
tlo,83
rwb,83
rtn,83
orï,83
olu,83
hlw,83
coh,83
bws,83
wnw,82
sli,82
pec,82
mre,82
map,82
giw,82
bow,82
wfn,81
rnu,81
nrw,81
nim,81
wff,80
rëw,80
ows,80
hni,80
gus,80
gôl,80
gïo,80
frâ,80
ewo,80
cr ,80
tâd,79
sos,79
smy,79
sfe,79
r ŵ,79
rfu,79
mbl,79
lws,79
hm ,79
eml,79
c t,79
yon,78
unf,78
tus,78
rme,78
rgo,78
râm,78
p t,78
pil,78
obo,78
mn ,78
loy,78
its,78
acr,78
yry,77
wny,77
omb,77
nre,77
nmo,77
mân,77
lfo,77
iws,77
gud,77
c b,77
tum,76
tsh,76
rew,76
piw,76
ndy,76
 mâ,76
ifd,76
iba,76
ëwy,76
eos,76
dga,76
cig,76
ât ,76
rr ,75
plu,75
mws,75
iom,75
gfl,75
fw ,75
cow,75
a j,75
ypt,74
yci,74
wdw,74
pyl,74
p s,74
lto,74
cŵn,74
cao,74
cac,74
ady,74
 ug,73
tic,73
shi,73
sêr,73
rŵ ,73
rug,73
pis,73
p f,73
nsl,73
nem,73
mwr,73
ism,73
iap,73
gub,73
efw,73
bad,73
ats,73
yac,72
wso,72
tey,72
stl,72
mus,72
iwa,72
hêl,72
due,72
dac,72
tag,71
r j,71
i ô,71
gwd,71
etw,71
dit,71
ceu,71
 tl,70
til,70
tgo,70
sgô,70
owt,70
lca,70
icl,70
ias,70
gŵy,70
gwc,70
fdd,70
ebe,70
cus,70
cis,70
yrl,69
wmo,69
twl,69
sot,69
phu,69
ofl,69
nwc,69
lta,69
igf,69
ifw,69
goh,69
 gn,69
fde,69
cip,69
bir,69
amf,69
âm ,69
agr,69
abs,69
ysm,68
usg,68
tŵr,68
thb,68
pic,68
nla,68
nfr,68
esl,68
ugn,67
ubo,67
sly,67
phê,67
osl,67
lim,67
lib,67
iot,67
ioc,67
emp,67
ceg,67
bwe,67
ysf,66
yge,66
yfd,66
wsl,66
uge,66
rse,66
ncy,66
mog,66
ils,66
gru,66
dws,66
cul,66
bwd,66
bôn,66
bom,66
apo,66
ald,66
ure,65
ufa,65
 tŵ,65
swc,65
sug,65
sni,65
p b,65
pac,65
ilr,65
ïai,65
gôr,65
ecw,65
dop,65
crë,65
alt,65
y u,64
yrb,64
ydg,64
 sh,64
lap,64
 jî,64
ipy,64
gw ,64
gbi,64
fnw,64
emâ,64
dfy,64
 bô,64
bit,64
wlw,63
wbi,63
rro,63
ohi,63
ndw,63
mwt,63
hyp,63
hwm,63
hum,63
esf,63
emw,63
emb,63
él ,63
 dŷ,63
cur,63
amu,63
âl ,63
wta,62
usr,62
sb ,62
rgi,62
rba,62
gac,62
yms,61
wtr,61
udy,61
rut,61
rng,61
rïo,61
pid,61
p e,61
mrw,61
lôn,61
îns,61
ecr,61
bua,61
uwi,60
pwn,60
nli,60
 lô,60
jîn,60
imo,60
hse,60
cna,60
bse,60
boi,60
aeg,60
yca,59
wib,59
w â,59
ury,59
pow,59
pïa,59
mwl,59
în ,59
eft,59
cic,59
tuo,58
swn,58
plâ,58
pab,58
oct,58
eie,58
dwo,58
c p,58
amâ,58
ygb,57
toe,57
tap,57
rfb,57
omy,57
 ob,57
nma,57
n  ,57
my ,57
ltw,57
fws,57
eog,57
efu,57
 bŵ,57
wma,56
ryp,56
p p,56
gdy,56
diy,56
d  ,56
yrg,55
poc,55
o j,55
 mr,55
lpo,55
 ïo,55
hip,55
 f ,55
efl,55
wlf,54
sth,54
pib,54
ôt ,54
neo,54
lsi,54
ghl,54
foi,54
eom,54
dgy,54
amn,54
yed,53
 vi,53
tî ,53
pli,53
opr,53
oil,53
e j,53
dŷ ,53
bwa,53
beg,53
wu ,52
wrf,52
wdl,52
wba,52
ruf,52
onr,52
mfu,52
isï,52
hep,52
ceb,52
yru,51
ŷ r,51
ype,51
ybw,51
syf,51
sbw,51
paf,51
oy ,51
onh,51
noi,51
mne,51
jon,51
hwb,51
wse,50
wmi,50
 sf,50
rcw,50
p w,50
pad,50
onï,50
msu,50
lby,50
lât,50
jac,50
geb,50
fô ,50
feb,50
f â,50
erp,50
els,50
dav,50
bŵe,50
pw ,49
p i,49
mur,49
mid,49
lrh,49
lob,49
hma,49
hdo,49
frd,49
eug,49
edn,49
bur,49
wdo,48
uru,48
t â,48
sw ,48
sáu,48
rsw,48
owy,48
ïoe,48
hfy,48
etl,48
esm,48
duo,48
dud,48
ds ,48
drê,48
dot,48
cse,48
csa,48
ânt,48
amy,48
aho,48
acl,48
yba,47
wlt,47
wlâ,47
trô,47
pyr,47
nyf,47
n ŵ,47
nop,47
mr ,47
mgr,47
imp,47
ïa ,47
epa,47
c l,47
atâ,47
apê,47
wce,46
wâ ,46
u j,46
p l,46
mwg,46
low,46
jet,46
fba,46
ét ,46
ces,46
bie,46
avi,46
ŷ y,45
rdw,45
nco,45
mpf,45
isf,45
ewl,45
elt,45
ehy,45
ddï,45
dâ ,45
aia,45
yan,44
wor,44
wgw,44
waw,44
uba,44
stf,44
rét,44
pfa,44
ots,44
 ot,44
osm,44
ocl,44
maf,44
isb,44
i j,44
gŵn,44
geu,44
emy,44
dwm,44
dff,44
cw ,44
cno,44
cni,44
yti,43
wlo,43
 uf,43
tse,43
trï,43
rlw,43
rl ,43
rim,43
rep,43
rê ,43
rdu,43
rco,43
osr,43
ofw,43
nnh,43
nfw,43
 it,43
gwp,43
fom,43
ept,43
enm,43
bic,43
bê ,43
als,43
yfh,42
ŷ b,42
wnb,42
wdh,42
wac,42
ude,42
tit,42
sep,42
rél,42
pit,42
nwm,42
lwt,42
ihe,42
icn,42
fha,42
ecl,42
bwt,42
bwc,42
bop,42
apw,42
alp,42
âi ,42
ypl,41
wte,41
usi,41
ugi,41
swa,41
oml,41
mir,41
mbw,41
lŵn,41
l j,41
liy,41
lfi,41
hut,41
hfi,41
gws,41
fwd,41
efg,41
cwt,41
cwi,41
awa,41
alŵ,41
afs,41
wnl,40
pt ,40
pïo,40
pê ,40
ogn,40
lel,40
ïwr,40
inf,40
eed,40
ddb,40
dbe,40
bib,40
adg,40
ack,40
y j,39
yae,39
wsy,39
uai,39
tot,39
sha,39
seu,39
myw,39
myt,39
ms ,39
leb,39
jin,39
gâ ,39
fwl,39
euy,39
 dl,39
dïa,39
cwn,39
bes,39
yte,38
wrg,38
stê,38
rwi,38
rar,38
rah,38
oty,38
not,38
lyp,38
lce,38
 l ,38
ipe,38
hoy,38
how,38
eva,38
aee,38
a â,38
yto,37
tïo,37
sâl,37
 sâ,37
orp,37
nbl,37
mfa,37
lp ,37
 ko,37
 ji,37
ioa,37
hgo,37
asm,37
afy,37
yts,36
yhe,36
yai,36
yad,36
wbo,36
wat,36
tao,36
smw,36
slw,36
ryr,36
ryo,36
rds,36
râu,36
opl,36
ois,36
oeo,36
mym,36
mna,36
mld,36
meh,36
ipo,36
hsa,36
hot,36
gul,36
gô ,36
gme,36
gab,36
cy ,36
cet,36
bis,36
ash,36
ah ,36
abr,36
ŷ a,35
 wt,35
tsa,35
têm,35
stâ,35
siŵ,35
sco,35
rg ,35
p n,35
owb,35
olt,35
nwd,35
lra,35
lâ ,35
jas,35
iŵr,35
irm,35
ips,35
hwd,35
hwc,35
fte,35
cl ,35
bam,35
yly,34
ŷ g,34
wlc,34
weh,34
vid,34
ube,34
rgw,34
pog,34
pgo,34
liz,34
 jy,34
jer,34
ïod,34
inl,34
fem,34
eph,34
egf,34
e â,34
dof,34
cyp,34
cny,34
ck ,34
awc,34
atŵ,34
anŵ,34
ŵy ,33
weo,33
wcr,33
vic,33
van,33
sry,33
rca,33
pwm,33
olg,33
lâu,33
iza,33
iof,33
gêr,33
fâu,33
fap,33
erâ,33
 eo,33
dfu,33
côt,33
bog,33
wdf,32
way,32
umi,32
udr,32
tch,32
ryt,32
rtw,32
rer,32
rdr,32
peg,32
owe,32
owc,32
omp,32
nob,32
nie,32
nap,32
mom,32
màs,32
 mà,32
lyl,32
ja ,32
iys,32
isn,32
isd,32
hwl,32
hbl,32
gma,32
epg,32
emn,32
ddn,32
cst,32
asl,32
às ,32
aiw,32
wrl,31
ŵl ,31
wgo,31
wgi,31
 ve,31
u ŵ,31
tet,31
sri,31
soc,31
rya,31
rto,31
rcu,31
p r,31
owd,31
ous,31
oan,31
mwd,31
moo,31
ley,31
gua,31
fef,31
eub,31
edm,31
cu ,31
csy,31
yws,30
ywl,30
ytg,30
yco,30
wiw,30
wic,30
uyd,30
rtï,30
roy,30
ps ,30
pir,30
pag,30
otr,30
oor,30
oné,30
nél,30
lïa,30
lg ,30
lbr,30
 ka,30
itw,30
iji,30
igm,30
iem,30
fsw,30
fga,30
 fâ,30
ewt,30
esh,30
d ô,30
 dô,30
dmy,30
côr,30
c â,30
bug,30
bâr,30
asá,30
zab,29
 yo,29
wsf,29
wpw,29
wlg,29
ŵe ,29
urg,29
tna,29
tly,29
t j,29
pym,29
pyd,29
out,29
oau,29
oa ,29
nbw,29
m â,29
lfw,29
igâ,29
idu,29
gny,29
gn ,29
ghw,29
euf,29
etn,29
enb,29
dbo,29
câd,29
ahe,29
yod,28
ybe,28
wsh,28
wca,28
w  ,28
uly,28
uir,28
sgf,28
sêl,28
rou,28
omf,28
jos,28
iâr,28
h j,28
fwi,28
frh,28
fgo,28
dgl,28
câi,28
ywr,27
ysr,27
ŷ c,27
ula,27
ufu,27
tmo,27
tgu,27
sws,27
rpw,27
rpi,27
rîn,27
pie,27
osc,27
 nu,27
nsh,27
ndŵ,27
mow,27
lld,27
 ke,27
iph,27
hru,27
gnï,27
gdo,27
eas,27
dïo,27
bïo,27
baf,27
adb,27
yds,26
wyh,26
wde,26
wco,26
 wc,26
 va,26
ush,26
ugh,26
uff,26
tsï,26
tew,26
teo,26
soi,26
sm ,26
run,26
ré ,26
pr ,26
ofâ,26
ôc ,26
nun,26
liv,26
lex,26
lda,26
gic,26
fym,26
fwc,26
 fô,26
ffê,26
ffá,26
fêr,26
fáu,26
ett,26
epo,26
eij,26
egm,26
buw,26
aps,26
ymn,25
xan,25
wpe,25
wgd,25
vil,25
vad,25
umo,25
sat,25
rue,25
rst,25
roj,25
rô ,25
orh,25
ocâ,25
oat,25
nep,25
ncs,25
mby,25
lay,25
kor,25
ka ,25
ilb,25
hic,25
gïw,25
exa,25
dn ,25
cob,25
buo,25
bid,25
aon,25
aog,25
aii,25
ŷr ,24
ŵyr,24
wŷr,24
wsb,24
wnh,24
wâu,24
vin,24
tya,24
tôn,24
toa,24
swp,24
ph ,24
pes,24
ook,24
oir,24
nôl,24
 nô,24
lum,24
lst,24
lse,24
lsa,24
k y,24
iss,24
ibo,24
hôl,24
hdd,24
hab,24
glâ,24
gde,24
eot,24
dôn,24
côn,24
cne,24
asb,24
ark,24
ank,24
wip,23
uwr,23
uta,23
url,23
uaw,23
tub,23
 tô,23
rum,23
rsl,23
rsb,23
rái,23
pf ,23
pao,23
nev,23
lya,23
lno,23
lmw,23
iym,23
ilt,23
ibw,23
iât,23
grî,23
gie,23
giâ,23
fyc,23
eui,23
êd ,23
cwd,23
crá,23
atm,23
áin,23
adm,23
you,22
yns,22
 ŷd,22
woc,22
unt,22
tlw,22
s v,22
sow,22
 sn,22
s j,22
rk ,22
rct,22
oph,22
nle,22
nka,22
nby,22
 mê,22
lwf,22
lue,22
lpa,22
kar,22
irt,22
irc,22
fôr,22
ey ,22
evi,22
eiw,22
dyh,22
dfi,22
brî,22
 bâ,22
ays,22
att,22
abu,22
ywg,21
ytb,21
yha,21
yel,21
yal,21
wmw,21
w j,21
ven,21
ubw,21
tbw,21
ruw,21
rîd,21
oje,21
nbe,21
jôc,21
 jô,21
jec,21
itu,21
hws,21
hd ,21
gwŷ,21
gên,21
gâd,21
epl,21
enâ,21
ëdi,21
dsy,21
dou,21
awm,21
aud,21
asf,21
aph,21
ygn,20
ŷd ,20
 wŷ,20
wp ,20
wcs,20
uti,20
ute,20
uel,20
tŵ ,20
thî,20
 sr,20
slu,20
siô,20
sab,20
rêc,20
r  ,20
 ow,20
oug,20
n v,20
nhŷ,20
nfi,20
msy,20
mlu,20
mêl,20
lîn,20
irs,20
hmi,20
hl ,20
gnw,20
fwa,20
ftw,20
frl,20
dŵa,20
doa,20
d k,20
châ,20
b â,20
ay ,20
awu,20
ypo,19
yls,19
wld,19
ulf,19
uha,19
uds,19
tip,19
tfi,19
tep,19
tâp,19
tâl,19
stô,19
sbï,19
roo,19
pyt,19
olî,19
ok ,19
obw,19
obs,19
obï,19
ngs,19
nf ,19
ndl,19
mma,19
mlb,19
mb ,19
lri,19
ipa,19
îl ,19
iki,19
îd ,19
iab,19
hîm,19
hfr,19
hbw,19
gôt,19
gls,19
gda,19
fân,19
ews,19
e k,19
dni,19
coi,19
cit,19
 c ,19
ayw,19
asc,19
afg,19
ywd,18
ylb,18
y â,18
wnï,18
wie,18
wea,18
 wd,18
wam,18
unn,18
 ul,18
ue ,18
tle,18
thï,18
sse,18
sob,18
sca,18
s  ,18
rwt,18
rtf,18
rôc,18
rnl,18
râ ,18
pun,18
oss,18
n k,18
nec,18
nch,18
mul,18
lô ,18
lil,18
lgi,18
lên,18
lbi,18
 lâ,18
joc,18
imn,18
him,18
grë,18
foa,18
epr,18
elc,18
dgr,18
cwo,18
coo,18
coa,18
cnw,18
blâ,18
bdo,18
ava,18
apl,18
agb,18
abd,18
ŵs ,17
ver,17
ve ,17
upu,17
ues,17
uay,17
twc,17
tof,17
sŵ ,17
sho,17
she,17
sfy,17
sâ ,17
rpo,17
rao,17
p u,17
pep,17
oyd,17
nëe,17
ncu,17
myc,17
mop,17
moh,17
luc,17
lty,17
lop,17
lbe,17
ji ,17
inë,17
 ig,17
ïen,17
hwp,17
hïe,17
hbr,17
gyp,17
gŵ ,17
gnu,17
g j,17
ewa,17
erh,17
ëeg,17
dmi,17
ctw,17
cir,17
bô ,17
atl,17
atc,17
apr,17
aib,17
â a,17
ysá,16
wfl,16
 us,16
urt,16
urh,16
u  ,16
tŵn,16
twa,16
ss ,16
spe,16
sno,16
sdr,16
sas,16
rej,16
pta,16
oo ,16
oin,16
nst,16
mof,16
mgw,16
mbŵ,16
ken,16
ive,16
ilu,16
ilc,16
hwf,16
 hô,16
hnï,16
heh,16
g ô,16
 g ,16
fob,16
fgh,16
eyg,16
een,16
edï,16
dhy,16
cut,16
cew,16
bwâ,16
brê,16
boo,16
boh,16
bdd,16
yyd,15
wyy,15
wcw,15
wci,15
waf,15
usw,15
uoc,15
ubl,15
tte,15
tso,15
tlu,15
tli,15
tib,15
sê ,15
 sc,15
rsg,15
rfr,15
rcy,15
rce,15
pup,15
obm,15
nâu,15
muh,15
mlg,15
mïa,15
mgá,15
lua,15
ltr,15
lî ,15
lep,15
lbl,15
ïwy,15
i ŵ,15
imy,15
hŵn,15
gf ,15
gáu,15
fwg,15
epe,15
ebd,15
dge,15
chŵ,15
chs,15
byf,15
bwg,15
bma,15
bïw,15
agm,15
yoc,14
ŷ d,14
wts,14
wru,14
wcu,14
ŵai,14
uwd,14
unl,14
ung,14
uls,14
ufi,14
uas,14
uac,14
sn ,14
rty,14
róc,14
 rî,14
ree,14
pso,14
oh ,14
nsr,14
nlw,14
ncl,14
mpr,14
lpi,14
lmo,14
llm,14
llh,14
kis,14
jyn,14
inh,14
ick,14
hgl,14
hak,14
gui,14
gso,14
fwt,14
ffŵ,14
ewe,14
eve,14
 ev,14
esp,14
ep ,14
eof,14
egs,14
dwp,14
dâl,14
cwf,14
cïo,14
cêd,14
bŵ ,14
bst,14
bso,14
äwr,14
aun,14
aró,14
amm,14
ake,14
aei,14
 yu,13
ŷ n,13
ŷ i,13
wyi,13
ŵns,13
ŵio,13
wfr,13
wao,13
veg,13
va ,13
uin,13
udf,13
uat,13
tŵs,13
tow,13
tôl,13
thâ,13
tgl,13
 sp,13
sip,13
sái,13
rua,13
rî ,13
rfd,13
rcê,13
que,13
pŵl,13
pom,13
poi,13
 om,13
ohy,13
oëd,13
oai,13
nya,13
nwn,13
nâd,13
meo,13
mem,13
mâ ,13
lyh,13
lmu,13
ldo,13
lbo,13
lah,13
l  ,13
k a,13
jyg,13
je ,13
iva,13
isu,13
irh,13
ii ,13
îff,13
ieg,13
hff,13
grf,13
gim,13
gïa,13
gï ,13
fŵl,13
frï,13
ffg,13
fê ,13
fbe,13
dep,13
dab,13
cŵl,13
bïa,13
â y,13
â w,13
âs ,13
alr,13
ái ,13
ŷ p,12
yot,12
yeg,12
ŷ e,12
ycl,12
ŵ y,12
wme,12
wls,12
wgl,12
wdy,12
vie,12
ulw,12
ule,12
twb,12
tuw,12
thŷ,12
tev,12
tê ,12
swb,12
sop,12
sfw,12
sag,12
rîf,12
rbl,12
opy,12
oia,12
nŵi,12
nj ,12
nhu,12
ndu,12
ncï,12
mue,12
mlr,12
mgi,12
l ô,12
llê,12
l k,12
ldy,12
ks ,12
jo ,12
jen,12
ihi,12
hŵr,12
hoa,12
hib,12
fsy,12
f  ,12
etc,12
erô,12
emu,12
emr,12
ej ,12
dow,12
dhe,12
cŵ ,12
cty,12
cáu,12
b j,12
asâ,12
apy,12
aln,12
alï,12
áit,12
acá,12
 za,11
ŷ o,11
wrh,11
weg,11
uma,11
tth,11
sl ,11
shy,11
sgî,11
sfl,11
sdd,11
sbâ,11
rub,11
rnd,11
qui,11
 qu,11
pwd,11
 p ,11
ou ,11
osh,11
oon,11
oby,11
oam,11
nsf,11
mwc,11
mpy,11
mpu,11
lŵ ,11
lug,11
lry,11
lcw,11
kev,11
jes,11
jel,11
jar,11
íwt,11
ish,11
 ic,11
ibî,11
i  ,11
hua,11
gîl,11
gbr,11
gâu,11
g  ,11
fnh,11
elï,11
eel,11
êc ,11
dev,11
c ô,11
but,11
bou,11
ave,11
 av,11
a v,11
asé,11
anj,11
aem,11
yps,10
ŷ m,10
ŷ h,10
ŵyn,10
wty,10
wlb,10
wbw,10
wbs,10
 ŵ ,10
vau,10
vat,10
uyn,10
uwa,10
uk ,10
ui ,10
ugy,10
ugu,10
ugr,10
typ,10
tui,10
tta,10
tsy,10
tob,10
spi,10
soa,10
sea,10
sde,10
scr,10
sâd,10
rwl,10
rp ,10
r ï,10
rêd,10
r ê,10
phŵ,10
öyn,10
our,10
osn,10
oot,10
onu,10
onl,10
ols,10
ôdd,10
oal,10
nŵ ,10
nsg,10
nr ,10
noa,10
nk ,10
nji,10
nï ,10
meu,10
lvi,10
lut,10
lso,10
löy,10
lls,10
lgr,10
lgâ,10
lci,10
lao,10
kha,10
kat,10
 jw,10
jig,10
irb,10
ipw,10
iôr,10
ïog,10
imb,10
icu,10
hŵe,10
hey,10
hdi,10
háu,10
glö,10
ghi,10
gew,10
gec,10
gb ,10
gao,10
fdy,10
fâs,10
fâ ,10
d v,10
dls,10
dâp,10
dap,10
csb,10
cíw,10
chá,10
arŵ,10
app,10
anî,10
aki,10
adh,10
ací,10
ytw,9
ytl,9
ypi,9
ypa,9
ŷ f,9
ŷdd,9
ŵyd,9
wŷd,9
wot,9
wnu,9
wét,9
wên,9
ŵ a,9
vi ,9
vas,9
upe,9
uns,9
unb,9
 ud,9
ubi,9
thŵ,9
syp,9
sya,9
spa,9
sïo,9
sîn,9
 sï,9
shv,9
sgn,9
sét,9
sél,9
sé ,9
 s ,9
rtŵ,9
rôn,9
rôm,9
roë,9
rnf,9
rix,9
rgu,9
rân,9
ptw,9
 ps,9
pef,9
osá,9
opw,9
omâ,9
ôm ,9
ôls,9
oec,9
odï,9
óc ,9
n z,9
nez,9
mfy,9
mef,9
lyo,9
lwé,9
lsy,9
kin,9
ki ,9
kes,9
isc,9
îs ,9
ipr,9
ipï,9
inb,9
ief,9
î a,9
hvi,9
huw,9
gât,9
fuc,9
feu,9
 ex,9
ëwr,9
ewg,9
êt ,9
ess,9
esr,9
ésg,9
eps,9
 ên,9
eëd,9
êcs,9
e  ,9
drô,9
doi,9
cya,9
cnu,9
cks,9
cie,9
 cê,9
bun,9
beu,9
aze,9
ayn,9
arê,9
aka,9
aio,9
agy,9
aeë,9
a  ,9
zue,8
zim,8
y v,8
ypy,8
yog,8
yja,8
ycw,8
y  ,8
wtl,8
wsd,8
wrb,8
wik,8
wgu,8
wbr,8
ŵan,8
via,8
 ut,8
ugw,8
udl,8
uc ,8
tôd,8
ssi,8
 sî,8
rŵa,8
 rŵ,8
r v,8
rï ,8
rcd,8
qua,8
pwa,8
pul,8
pty,8
 pt,8
pno,8
pîn,8
 pî,8
pên,8
peb,8
pak,8
oxy,8
ott,8
osp,8
omï,8
oic,8
ôcs,8
nww,8
nsŵ,8
ngf,8
nbr,8
nbi,8
myo,8
mpê,8
moa,8
mie,8
mgn,8
mê ,8
mao,8
mah,8
lïo,8
lêr,8
ldw,8
lav,8
kuw,8
 ku,8
koc,8
 kh,8
ke ,8
ivi,8
ius,8
ium,8
iôn,8
icy,8
iâl,8
hue,8
häw,8
hâd,8
h  ,8
gwê,8
gs ,8
 gh,8
gh ,8
gga,8
gch,8
gâr,8
fwâ,8
ful,8
fbi,8
ezu,8
e v,8
euh,8
éts,8
etg,8
enk,8
dsa,8
drö,8
dgo,8
cô ,8
cim,8
cdi,8
brâ,8
bah,8
atô,8
atï,8
asp,8
arô,8
arï,8
aor,8
anz,8
án ,8
alv,8
a k,8
â j,8
ahr,8
ads,8
acy,8
 zi,7
zer,7
ŷ w,7
y ŵ,7
ynj,7
ylt,7
yie,7
wwm,7
wsé,7
wrr,7
wps,7
ŵod,7
wnâ,7
wmb,7
 wê,7
wcy,7
uts,7
uto,7
urs,7
urb,7
unm,7
uit,7
uez,7
uci,7
uar,7
ual,7
tyo,7
tyg,7
tty,7
tto,7
trf,7
tiu,7
tîn,7
tea,7
tá ,7
sŵo,7
swf,7
sup,7
sue,7
sro,7
spo,7
sô ,7
sdy,7
sch,7
sá ,7
rỳc,7
r x,7
rŵn,7
ró ,7
rmd,7
rey,7
rdb,7
pyj,7
py ,7
pwc,7
oxi,7
owr,7
ool,7
öed,7
ocu,7
nza,7
nuc,7
nsu,7
n ï,7
nds,7
nâ ,7
mya,7
mwm,7
msa,7
mph,7
mih,7
mhu,7
lwl,7
luk,7
lni,7
lln,7
lfu,7
lê ,7
lb ,7
ko ,7
kip,7
k i,7
ix ,7
iwu,7
iwo,7
iu ,7
iqu,7
ioi,7
imw,7
ims,7
ikh,7
ihy,7
huc,7
hso,7
hô ,7
h ô,7
hgi,7
hfw,7
gst,7
gfu,7
ffn,7
feo,7
fdi,7
ewp,7
ewm,7
ês ,7
erï,7
ee ,7
doo,7
dôl,7
dnw,7
dïw,7
chô,7
cê ,7
câ ,7
bru,7
 bï,7
bhu,7
 bh,7
bâ ,7
 b ,7
 az,7
aut,7
a ô,7
zam,6
yu ,6
ŷ t,6
ysp,6
ysn,6
ypr,6
ypn,6
y k,6
yir,6
 ye,6
yce,6
yar,6
x y,6
 x ,6
wŷ ,6
wge,6
wby,6
ŵae,6
ŵa ,6
 vo,6
uya,6
u v,6
umd,6
ulp,6
ulh,6
u k,6
uis,6
u ï,6
uer,6
uau,6
twp,6
tô ,6
tâu,6
taj,6
syg,6
swt,6
sui,6
spl,6
shu,6
sf ,6
sci,6
rwf,6
rov,6
rós,6
röe,6
rlŷ,6
rïw,6
rhô,6
reh,6
pyp,6
pyb,6
pwf,6
put,6
ppa,6
 pô,6
pïw,6
pif,6
pâ ,6
 oz,6
owa,6
ova,6
o v,6
oos,6
o ô,6
onb,6
ock,6
ocê,6
oas,6
oac,6
o  ,6
nŵo,6
nki,6
njo,6
nîs,6
ngn,6
ngb,6
ncn,6
môn,6
mlh,6
mgl,6
mdy,6
mak,6
lŷr,6
luw,6
lsb,6
llr,6
lgw,6
lëw,6
lcy,6
lbu,6
k w,6
k s,6
k e,6
jys,6
jwg,6
joe,6
job,6
jik,6
jef,6
ity,6
ilh,6
ik ,6
i k,6
idg,6
ibg,6
hst,6
hôr,6
hôn,6
hïo,6
gwg,6
gwf,6
grô,6
goa,6
glô,6
gld,6
gfr,6
fwm,6
fng,6
f j,6
fij,6
fea,6
fàs,6
 fà,6
exp,6
ewd,6
eum,6
eop,6
emm,6
emï,6
e ï,6
dse,6
dme,6
dï ,6
d ï,6
dgi,6
dêt,6
dee,6
 dê,6
cum,6
csw,6
cru,6
crô,6
cró,6
crï,6
cou,6
cid,6
chï,6
bul,6
bî ,6
azo,6
ass,6
 âr,6
aji,6
aim,6
aij,6
agc,6
acm,6
abŵ,6
zap,5
zan,5
za ,5
yp ,5
yop,5
ÿnn,5
ynb,5
ỳm ,5
ylr,5
yln,5
ylg,5
yhä,5
ygd,5
yei,5
ye ,5
ỳc ,5
 ŷ ,5
xpo,5
xin,5
wsw,5
wsr,5
wpo,5
wim,5
ŵia,5
wha,5
wds,5
ŵau,5
vib,5
vel,5
val,5
unc,5
umb,5
ult,5
uke,5
uka,5
uig,5
ufo,5
tyc,5
tt ,5
tsu,5
trỳ,5
thô,5
thc,5
tfe,5
sub,5
ssa,5
sr ,5
snw,5
sik,5
sfu,5
sfo,5
seo,5
sce,5
sao,5
sah,5
saa,5
r ŷ,5
rva,5
rrh,5
rnc,5
rnb,5
rmu,5
rîl,5
rëy,5
rëi,5
rdn,5
rcs,5
raz,5
ray,5
rav,5
raq,5
pud,5
psy,5
pst,5
pï ,5
pdd,5
p â,5
oÿn,5
oul,5
ós ,5
orâ,5
opp,5
ôns,5
omw,5
olï,5
o k,5
oie,5
ôd ,5
ôb ,5
nwt,5
nwg,5
nuw,5
nur,5
nts,5
nsï,5
nîn,5
nîl,5
 nî,5
ngŵ,5
ngg,5
nfl,5
né ,5
ncd,5
naï,5
msi,5
m ô,5
mll,5
mbô,5
mà ,5
l ŵ,5
lva,5
lre,5
lpw,5
loÿ,5
lôb,5
loa,5
lëi,5
leh,5
 lê,5
lái,5
k h,5
ker,5
 ju,5
jav,5
ize,5
iya,5
iob,5
inu,5
inr,5
ilë,5
iko,5
ija,5
ihu,5
igd,5
ifb,5
îf ,5
ids,5
ibu,5
ibf,5
ibd,5
hwt,5
hrë,5
h k,5
hê ,5
guy,5
gse,5
gmi,5
ghu,5
ghô,5
gep,5
gea,5
gdi,5
gâi,5
ftu,5
frê,5
flê,5
ëyr,5
ëwm,5
ewh,5
euk,5
etu,5
esc,5
esá,5
erv,5
eoc,5
e ô,5
emt,5
êma,5
elv,5
eln,5
elb,5
elá,5
eki,5
ëir,5
ëig,5
ecu,5
dŵi,5
dwd,5
dov,5
dô ,5
div,5
dex,5
dch,5
dbl,5
cua,5
cme,5
cke,5
cês,5
cên,5
cêl,5
cdy,5
bya,5
bwi,5
bwf,5
bde,5
bay,5
azz,5
avo,5
ará,5
apc,5
â o,5
alk,5
ak ,5
aip,5
äig,5
aïf,5
ahl,5
acâ,5
abï,5
aac,5
ytn,4
yrp,4
ŷl ,4
ŷ l,4
yfb,4
yes,4
yem,4
ycy,4
ybd,4
xp ,4
xer,4
xem,4
wŷl,4
wus,4
wtî,4
wrî,4
wom,4
ŵol,4
w ô,4
ŵ m,4
 wm,4
 wh,4
wêd,4
wê ,4
wab,4
vis,4
ves,4
var,4
uxe,4
usy,4
urm,4
upa,4
ugs,4
uf ,4
ubr,4
two,4
twi,4
t v,4
tul,4
tti,4
tsc,4
t ô,4
tnw,4
tïa,4
tee,4
tdl,4
syw,4
swê,4
swd,4
sum,4
stm,4
std,4
squ,4
 sk,4
sda,4
sap,4
rỳm,4
 rỳ,4
rsh,4
rpy,4
rps,4
rox,4
rôr,4
r k,4
riu,4
rik,4
rfâ,4
rcl,4
rât,4
rán,4
râl,4
rak,4
pŵ ,4
psw,4
ppl,4
pôl,4
pdi,4
pch,4
oz ,4
 ox,4
ox ,4
öwr,4
owi,4
ork,4
ood,4
oob,4
ônt,4
oka,4
ojo,4
ohm,4
ofu,4
ofg,4
ocd,4
obu,4
 nŵ,4
nuf,4
nro,4
n q,4
noh,4
nml,4
nks,4
nî ,4
nét,4
nés,4
nao,4
nâi,4
myx,4
mps,4
mls,4
m j,4
mim,4
mhê,4
lŵs,4
lŵp,4
l v,4
lux,4
luf,4
ltn,4
l ï,4
lhy,4
lfl,4
kwo,4
k t,4
kra,4
kos,4
kla,4
 ki,4
jiw,4
jîp,4
jib,4
jag,4
jâd,4
 jâ,4
iz ,4
ïw ,4
íw ,4
itc,4
iru,4
irr,4
ipg,4
 ip,4
ïot,4
ioh,4
iô ,4
iné,4
i ï,4
iâu,4
hya,4
hŵ ,4
hup,4
huo,4
hui,4
hrê,4
hlâ,4
hdw,4
há ,4
gun,4
gôp,4
gôn,4
glf,4
gif,4
gib,4
fŵ ,4
fth,4
frb,4
fôl,4
fnl,4
fip,4
fif,4
fêl,4
 fê,4
fdr,4
fán,4
ewb,4
euc,4
êts,4
esd,4
eow,4
ekw,4
ëi ,4
egg,4
eer,4
eep,4
edg,4
ecn,4
ece,4
eak,4
dsm,4
dob,4
dî ,4
dh ,4
dfl,4
 dé,4
ddô,4
dca,4
dah,4
ctu,4
csg,4
cib,4
cht,4
chê,4
cea,4
cdw,4
byp,4
bŵl,4
buc,4
bof,4
blŵ,4
aya,4
axi,4
aub,4
ârs,4
apn,4
apd,4
aos,4
ané,4
alh,4
aku,4
aik,4
 âi,4
ahw,4
agŵ,4
ags,4
agg,4
afd,4
aek,4
adc,4
acf,4
acc,4
zzo,3
zon,3
zol,3
 zo,3
zo ,3
zi ,3
ze ,3
zbe,3
yxo,3
yuh,3
ŷ u,3
ytû,3
ŷ s,3
yrm,3
ypd,3
yom,3
yof,3
yob,3
ỳnt,3
ycs,3
ycn,3
yat,3
xim,3
xi ,3
x c,3
x a,3
w ŵ,3
wur,3
wtc,3
ẃrd,3
wop,3
wnr,3
wmy,3
wmf,3
ŵm ,3
wlm,3
ŵi ,3
whe,3
wgy,3
ŵ g,3
 wf,3
wew,3
wêr,3
ŵdl,3
wct,3
ŵ c,3
vta,3
von,3
vol,3
voi,3
vir,3
vah,3
uzb,3
 uz,3
u ŷ,3
uwn,3
utz,3
utg,3
urk,3
upr,3
upo,3
uor,3
umu,3
ulg,3
uhy,3
uhe,3
uet,3
ueg,3
udu,3
uct,3
ucl,3
ubt,3
tỳn,3
twt,3
tŵa,3
tûn,3
ttr,3
tôr,3
tôf,3
tme,3
tma,3
t k,3
tiz,3
tîc,3
tgr,3
tce,3
tbi,3
t  ,3
sỳm,3
 sỳ,3
sẃr,3
suo,3
stỳ,3
stŵ,3
s q,3
 sö,3
slŵ,3
s k,3
sî ,3
shr,3
sgì,3
sfr,3
sêf,3
scu,3
rỳ ,3
rok,3
roh,3
rlï,3
rlé,3
rke,3
rdc,3
qat,3
 qa,3
pwt,3
pua,3
pse,3
psa,3
ppe,3
pp ,3
pî ,3
pga,3
owm,3
owg,3
o ŵ,3
ovo,3
ove,3
osu,3
osô,3
ôs ,3
ôp ,3
 oo,3
olp,3
oln,3
olë,3
olâ,3
oki,3
oja,3
oio,3
oha,3
ogm,3
ofd,3
oei,3
ods,3
odc,3
nŵr,3
nut,3
num,3
ntî,3
 nr,3
now,3
nik,3
nih,3
nhŵ,3
nbo,3
nân,3
mye,3
mwi,3
mta,3
mso,3
mri,3
moi,3
mny,3
mje,3
miz,3
mhi,3
mea,3
lŷ ,3
lts,3
ltg,3
lsw,3
lôt,3
loë,3
llï,3
lkl,3
lît,3
lés,3
lee,3
lak,3
 kr,3
kon,3
kof,3
k o,3
kko,3
kie,3
kib,3
khi,3
k g,3
k f,3
kei,3
kan,3
 k ,3
j y,3
jwd,3
j p,3
joa,3
jir,3
izi,3
i z,3
iwp,3
iŵ ,3
ît ,3
isp,3
îp ,3
iow,3
inâ,3
ilâ,3
ìl ,3
ika,3
ijo,3
ifu,3
icf,3
icc,3
îc ,3
ibŵ,3
ibï,3
ibb,3
ïad,3
h ŵ,3
hul,3
hou,3
hôt,3
hny,3
h ï,3
hî ,3
hfo,3
hês,3
hee,3
hav,3
g v,3
gsy,3
grl,3
grâ,3
gmâ,3
g k,3
gìl,3
gge,3
gfw,3
gdu,3
gbl,3
fye,3
fuo,3
fs ,3
frn,3
fop,3
flô,3
fdo,3
ez ,3
ëyd,3
ex ,3
ewf,3
ëw ,3
eup,3
 êt,3
erk,3
equ,3
epy,3
epu,3
eoi,3
enj,3
emf,3
elî,3
eik,3
êff,3
ëe ,3
ecd,3
d z,3
dox,3
doj,3
dêl,3
ddê,3
c ŵ,3
 ct,3
côd,3
clô,3
clë,3
cfo,3
cff,3
cey,3
cdo,3
cci,3
cch,3
cca,3
cby,3
c  ,3
bŵm,3
bsẃ,3
bsw,3
bsl,3
box,3
bok,3
bno,3
bif,3
bgo,3
bga,3
bff,3
bek,3
bef,3
bbu,3
 ay,3
av ,3
asŵ,3
asr,3
arî,3
aqu,3
apï,3
apf,3
aoa,3
amj,3
ako,3
äin,3
äi ,3
 ah,3
agh,3
afá,3
aey,3
aef,3
acb,3
zzi,2
zza,2
zz ,2
z y,2
zur,2
zst,2
zos,2
zor,2
zoa,2
z h,2
z f,2
zei,2
 ze,2
zar,2
yzs,2
ywc,2
yun,2
yum,2
yuk,2
yua,2
ytä,2
ysd,2
ysc,2
 yp,2
ỳmp,2
ymï,2
ylp,2
yji,2
yer,2
ycr,2
yah,2
xyl,2
xya,2
xil,2
x i,2
 xe,2
xal,2
wŷs,2
ww ,2
wtw,2
ŵ t,2
ŵ r,2
ẃr ,2
wpî,2
ŵo ,2
ŵna,2
ŵ n,2
wlu,2
wlï,2
w k,2
wîs,2
ẅid,2
ŵ i,2
who,2
 wg,2
wfw,2
ŵ f,2
wëy,2
wep,2
wêl,2
wee,2
 wë,2
ŵ d,2
wbf,2
 wâ,2
vo ,2
vla,2
vit,2
vaq,2
vai,2
 v ,2
uyu,2
uyo,2
u x,2
üwr,2
usu,2
usc,2
usb,2
urc,2
ups,2
upl,2
uom,2
ûn ,2
ûm ,2
uld,2
uku,2
uko,2
uid,2
ugf,2
ufy,2
uce,2
ubs,2
 ub,2
uaz,2
tz ,2
tyh,2
tẅi,2
twe,2
tuk,2
ttl,2
trý,2
trö,2
tpo,2
tox,2
too,2
tok,2
tls,2
tiv,2
tiq,2
tik,2
 tï,2
tgi,2
tfa,2
têc,2
tdo,2
täw,2
tak,2
täi,2
tah,2
swo,2
suy,2
suw,2
sun,2
sts,2
stg,2
ssu,2
spr,2
sph,2
sou,2
sõo,2
söo,2
söi,2
soh,2
s ô,2
 sõ,2
ski,2
ske,2
ska,2
shm,2
shl,2
sgd,2
sew,2
sêt,2
sej,2
sbŵ,2
sâu,2
sâr,2
sak,2
säi,2
rýc,2
rur,2
ruo,2
rui,2
rùd,2
 rù,2
rtm,2
rsu,2
rsf,2
röy,2
rns,2
rms,2
rls,2
rks,2
riz,2
riy,2
riq,2
rfë,2
rez,2
rdî,2
rdh,2
rcf,2
rb ,2
râs,2
 râ,2
q y,2
qu ,2
q s,2
pyg,2
pŵd,2
pug,2
ptu,2
pru,2
ppu,2
poa,2
pna,2
 pn,2
plî,2
p j,2
piz,2
pîs,2
pht,2
pfl,2
pfe,2
pêr,2
pee,2
oym,2
öyd,2
oxa,2
öwy,2
ovi,2
ov ,2
oup,2
ouk,2
ouc,2
oub,2
oua,2
 ou,2
otî,2
oté,2
otâ,2
osq,2
osö,2
osä,2
oqu,2
onq,2
onk,2
onê,2
omm,2
omg,2
olk,2
oku,2
oke,2
oit,2
oih,2
öig,2
o ï,2
ogh,2
ôf ,2
occ,2
ocb,2
obg,2
oaw,2
nze,2
nyg,2
n ŷ,2
nwf,2
nug,2
nua,2
ntl,2
ntd,2
nsî,2
nqu,2
nou,2
noo,2
nô ,2
nlu,2
nlo,2
nkj,2
niy,2
niv,2
niu,2
nîr,2
ngê,2
ngc,2
nfû,2
neh,2
nee,2
nêd,2
ndï,2
ndg,2
ndä,2
nak,2
m v,2
mpŵ,2
mox,2
môl,2
mob,2
 mn,2
mmy,2
mm ,2
mlc,2
mlâ,2
mip,2
mïo,2
mik,2
mhy,2
mhé,2
mfo,2
mfe,2
mf ,2
mez,2
mep,2
mdi,2
md ,2
mbï,2
max,2
m  ,2
ltâ,2
lpe,2
löw,2
lôm,2
lok,2
 lö,2
lne,2
lke,2
lk ,2
lîs,2
lgl,2
lfâ,2
lev,2
lâd,2
lá ,2
kyr,2
 ky,2
ku ,2
ksa,2
kro,2
kov,2
 kl,2
kka,2
kje,2
kir,2
kh ,2
ket,2
kem,2
k d,2
kaz,2
kap,2
kai,2
jwn,2
jud,2
jou,2
jô ,2
jis,2
j g,2
jee,2
jaz,2
izo,2
iyr,2
ixi,2
ixe,2
iwî,2
iwf,2
ïwc,2
i v,2
itẅ,2
itt,2
itp,2
isk,2
 îs,2
îr ,2
i q,2
ïor,2
ïom,2
iôl,2
ink,2
ilp,2
ilî,2
iku,2
ije,2
ij ,2
iho,2
 ih,2
igs,2
ïfr,2
ïf ,2
iev,2
iaz,2
ïas,2
h z,2
hto,2
hti,2
hth,2
hsg,2
hpo,2
hoo,2
hme,2
hjo,2
hiv,2
hfu,2
hél,2
hcw,2
hco,2
hby,2
hâl,2
hâi,2
gyz,2
gum,2
gti,2
grï,2
gou,2
gôd,2
 gm,2
gm ,2
ghg,2
gg ,2
gff,2
gey,2
gét,2
gd ,2
gbe,2
gay,2
gag,2
f z,2
f v,2
fut,2
fûm,2
fto,2
frî,2
fox,2
foo,2
fnb,2
fïo,2
fgy,2
ffc,2
ffb,2
fëw,2
feh,2
fda,2
fd ,2
fce,2
fás,2
fah,2
fá ,2
 fá,2
ezz,2
ezo,2
eze,2
e ŷ,2
 ey,2
evo,2
evl,2
ev ,2
etm,2
és ,2
erz,2
 eq,2
e q,2
epd,2
eoh,2
eob,2
enz,2
enî,2
êls,2
elh,2
eh ,2
efs,2
êf ,2
ees,2
ëdy,2
eds,2
éd ,2
ébu,2
ebb,2
eaw,2
 ê ,2
dyo,2
d ŷ,2
dub,2
drỳ,2
drï,2
drh,2
drf,2
d q,2
dîn,2
dhw,2
dg ,2
déb,2
dco,2
dbr,2
däw,2
dâu,2
cup,2
crâ,2
cls,2
ckr,2
ciâ,2
chä,2
cfa,2
cep,2
ceo,2
cec,2
cbr,2
câs,2
cah,2
cag,2
byj,2
bŵs,2
bup,2
bue,2
blê,2
bka,2
bip,2
bik,2
bîf,2
bï ,2
 bî,2
bfr,2
bee,2
bea,2
bda,2
bbi,2
bâu,2
bâs,2
baj,2
bäi,2
azu,2
azi,2
aza,2
a z,2
ayr,2
aye,2
a ŷ,2
awê,2
a ŵ,2
avt,2
aug,2
âst,2
asï,2
asd,2
ás ,2
aq ,2
apî,2
âni,2
anâ,2
alî,2
aks,2
akk,2
akh,2
aje,2
aja,2
a ï,2
ahn,2
ahj,2
agt,2
agé,2
aec,2
âdd,2
acu,2
abn,2
abk,2
aal,2
aa ,2
 ȃ ,2
ӓe ,1
zya,1
zva,1
zuy,1
zun,1
zuk,1
 zu,1
zou,1
zom,1
zod,1
z o,1
zmo,1
z l,1
zis,1
zin,1
zic,1
z i,1
zev,1
zet,1
zes,1
zep,1
zeo,1
zen,1
zda,1
z d,1
z c,1
zat,1
zas,1
zak,1
zad,1
z a,1
 z ,1
yyb,1
yy ,1
yxe,1
ywm,1
yug,1
ytt,1
ytm,1
 yt,1
ysä,1
ŷs ,1
y š,1
yrô,1
yró,1
yrï,1
y q,1
ypf,1
yoz,1
yos,1
yor,1
yok,1
yoi,1
ynm,1
ỳn ,1
ỳms,1
ylv,1
ỳls,1
ylm,1
yky,1
yin,1
yik,1
yhi,1
ŷg ,1
yfï,1
ỳff,1
yeu,1
yet,1
ydh,1
ydc,1
yct,1
ýc ,1
ybs,1
ybn,1
yaz,1
yay,1
yam,1
yak,1
 ya,1
xyt,1
xye,1
xyc,1
xyb,1
xus,1
xup,1
xu ,1
x t,1
xso,1
xpl,1
x p,1
xor,1
xom,1
xoi,1
xob,1
x o,1
xle,1
x l,1
xii,1
xif,1
xic,1
xia,1
x g,1
xet,1
xen,1
xea,1
x d,1
xci,1
xa ,1
w ŷ,1
wwy,1
www,1
wwc,1
ŵ w,1
 ww,1
ŵts,1
wtï,1
wtë,1
wsî,1
wsâ,1
ŵ s,1
 ws,1
ẃrs,1
wrê,1
ŵps,1
ŵpo,1
ŵpi,1
wpd,1
ŵ p,1
wos,1
ŵop,1
woo,1
wok,1
ŵoi,1
woi,1
ŵoe,1
ŵ o,1
wnj,1
wms,1
wlp,1
wlä,1
wjo,1
wît,1
wïo,1
wii,1
wï ,1
wgn,1
wgf,1
wfs,1
wfi,1
ŵff,1
wey,1
wëw,1
wem,1
ŵdd,1
wcï,1
wcd,1
wbg,1
 wb,1
waz,1
waj,1
wäe,1
waë,1
vyt,1
vyg,1
 vy,1
vwo,1
 vw,1
v w,1
vus,1
vt ,1
v s,1
voy,1
vou,1
vot,1
vod,1
voc,1
vob,1
vni,1
vka,1
vim,1
vih,1
vif,1
vgw,1
v g,1
vet,1
vei,1
vee,1
veb,1
v e,1
vam,1
vaj,1
v a,1
u α,1
uy ,1
uxi,1
uxa,1
uww,1
uwm,1
üwc,1
üw ,1
uvi,1
uva,1
uty,1
utw,1
utl,1
uss,1
usk,1
usf,1
urr,1
ûr ,1
uqi,1
 up,1
up ,1
uou,1
unp,1
unk,1
umr,1
uml,1
 um,1
uln,1
ulb,1
uks,1
ukk,1
uki,1
 uk,1
uju,1
uji,1
 uj,1
uix,1
uiv,1
uio,1
uic,1
u î,1
uhs,1
uho,1
uhm,1
ugg,1
uee,1
uec,1
udn,1
udc,1
ùd ,1
ucu,1
ucc,1
ubu,1
uak,1
uaj,1
uaf,1
tzv,1
tyu,1
tŵi,1
tvo,1
tvi,1
tut,1
tup,1
tû ,1
ttn,1
 tt,1
tst,1
tsî,1
tsg,1
tsf,1
t q,1
tpr,1
töw,1
tou,1
tór,1
toq,1
toï,1
tni,1
tka,1
tïm,1
tîg,1
tgw,1
tfw,1
tfo,1
tf ,1
tëw,1
tés,1
tên,1
têl,1
tek,1
tej,1
teh,1
téc,1
 tê,1
tdd,1
tda,1
tco,1
tbu,1
tbr,1
tbo,1
taz,1
tay,1
tax,1
taq,1
táo,1
taa,1
syb,1
swî,1
sŵa,1
švy,1
 šv,1
sua,1
stb,1
stá,1
ssy,1
ssr,1
ssh,1
sre,1
spu,1
sp ,1
soy,1
sox,1
sôl,1
söe,1
snu,1
smŵ,1
smu,1
smt,1
sky,1
sku,1
sko,1
sïe,1
šia,1
s ï,1
 ši,1
shw,1
sht,1
shq,1
shk,1
shf,1
shb,1
shâ,1
sgŵ,1
sgẃ,1
sgö,1
sgó,1
sgh,1
sev,1
sêm,1
sek,1
séd,1
sdu,1
sdo,1
scw,1
scé,1
sc ,1
sbô,1
säw,1
säo,1
rӓe,1
rzo,1
rza,1
r z,1
ryi,1
rý ,1
rvi,1
rüw,1
rul,1
ruk,1
rù ,1
rtu,1
rsm,1
 rr,1
rpŵ,1
rpl,1
rph,1
 rp,1
roz,1
röw,1
roq,1
röo,1
rói,1
rôg,1
rôb,1
r ō,1
rnr,1
rld,1
rko,1
rkm,1
rki,1
rkh,1
rka,1
rja,1
rîs,1
rîm,1
rij,1
rîc,1
riâ,1
r î,1
rhü,1
rhâ,1
rh ,1
rgï,1
rgh,1
rfé,1
rev,1
rêt,1
rép,1
rêl,1
rèl,1
rêf,1
reé,1
 rê,1
 ré,1
rdf,1
rdâ,1
rcr,1
rbu,1
ráe,1
qin,1
qil,1
 qi,1
qgu,1
qed,1
 qe,1
q â,1
pỳl,1
p ŷ,1
 pỳ,1
pwb,1
pui,1
puh,1
puc,1
psu,1
psp,1
psï,1
ppi,1
 pp,1
pou,1
pôt,1
pôs,1
poh,1
pof,1
pni,1
pne,1
pkg,1
pïy,1
piy,1
piq,1
pip,1
pim,1
pik,1
pih,1
pîa,1
pfy,1
pfu,1
pét,1
pem,1
pdr,1
pda,1
pcy,1
pay,1
pâs,1
pâl,1
pah,1
p  ,1
o α,1
ozu,1
ozo,1
ozi,1
oza,1
o z,1
oys,1
oyl,1
oye,1
ō y,1
o ŷ,1
oxo,1
oxl,1
oxe,1
óws,1
owp,1
owj,1
ovn,1
ovk,1
ovg,1
 ov,1
oux,1
oun,1
oum,1
ouf,1
otu,1
ōts,1
ôts,1
otô,1
otl,1
otk,1
otd,1
ô t,1
 ōt,1
øst,1
osé,1
òs ,1
 øs,1
orv,1
órt,1
orë,1
opu,1
opî,1
opg,1
oov,1
õop,1
öop,1
oop,1
ooo,1
oom,1
öol,1
õoi,1
ooh,1
oog,1
öof,1
onj,1
onâ,1
omu,1
omô,1
omn,1
ô m,1
olí,1
oks,1
okr,1
oko,1
okl,1
 ok,1
ojw,1
oiv,1
oïo,1
oim,1
oik,1
oig,1
ôi ,1
ohu,1
ohr,1
ogu,1
ogd,1
ôg ,1
oft,1
ofj,1
oeu,1
öet,1
oem,1
oeb,1
odv,1
odn,1
odâ,1
ô d,1
òd ,1
obt,1
oar,1
oao,1
o ȃ,1
 ō ,1
nzo,1
nyp,1
nyk,1
nyi,1
nyh,1
nwp,1
nwï,1
nŵd,1
nŵa,1
nva,1
nuy,1
nup,1
nuo,1
nuk,1
nui,1
ntŵ,1
ntm,1
ntg,1
nsp,1
nsô,1
nsd,1
nsc,1
nsá,1
npw,1
npl,1
npe,1
noz,1
noy,1
nox,1
nok,1
nôd,1
n ø,1
nnr,1
nl ,1
nky,1
nkk,1
nke,1
nju,1
nje,1
njâ,1
nix,1
niq,1
nip,1
nii,1
niä,1
nhö,1
nhl,1
nhî,1
nhä,1
ngt,1
ngm,1
ngk,1
ngj,1
 nf,1
ney,1
nex,1
nek,1
n ê,1
ndh,1
ndâ,1
 nd,1
ncf,1
nbu,1
naz,1
nah,1
 nâ,1
myu,1
mwp,1
mŵd,1
mŵ ,1
mut,1
mug,1
mto,1
mti,1
msg,1
msc,1
m q,1
mpd,1
moy,1
moj,1
môd,1
m ō,1
mno,1
mmu,1
mmo,1
mlf,1
m k,1
míw,1
m ï,1
mhŵ,1
mev,1
mêt,1
mêr,1
meb,1
mci,1
 mc,1
may,1
mav,1
mâl,1
maj,1
maa,1
l z,1
lyu,1
lŷg,1
lỳf,1
lye,1
lwp,1
lwd,1
 lŵ,1
luv,1
lul,1
ltl,1
ltä,1
lsu,1
lro,1
lr ,1
lps,1
lpï,1
lox,1
lov,1
lou,1
lôs,1
lòs,1
loq,1
loo,1
lóm,1
loh,1
ló ,1
lnw,1
llŷ,1
lkn,1
lki,1
lix,1
líw,1
liu,1
lín,1
lik,1
lîd,1
lí ,1
 lî,1
lhw,1
lho,1
lhl,1
lhi,1
lh ,1
lgn,1
lëy,1
lêu,1
lês,1
ldu,1
ldf,1
lcl,1
lax,1
läi,1
lâi,1
kyd,1
ky ,1
kut,1
kur,1
kun,1
kul,1
kuh,1
kug,1
k u,1
kti,1
kte,1
kso,1
ksi,1
ksh,1
kre,1
kpk,1
k p,1
koz,1
kou,1
kop,1
koo,1
kok,1
knu,1
k n,1
kme,1
kma,1
k m,1
klo,1
kle,1
k l,1
kja,1
k j,1
kit,1
kim,1
kil,1
kih,1
kif,1
kid,1
kia,1
kho,1
kg ,1
key,1
kek,1
keh,1
ked,1
kea,1
kda,1
kay,1
kas,1
kal,1
kak,1
kae,1
k â,1
k  ,1
jyr,1
jwf,1
jw ,1
jut,1
jun,1
jum,1
jug,1
jua,1
ju ,1
jra,1
j r,1
jow,1
jor,1
joo,1
joi,1
j ô,1
jmi,1
j m,1
jiz,1
jiu,1
j i,1
jha,1
 jh,1
j f,1
jeo,1
jej,1
jeb,1
j b,1
jân,1
jab,1
jâ ,1
j a,1
izz,1
izy,1
izu,1
izm,1
izd,1
 iz,1
ïyd,1
î y,1
 iy,1
iy ,1
ixu,1
ïwn,1
íwn,1
ïwe,1
ivt,1
ivo,1
iun,1
iud,1
 iu,1
itz,1
îti,1
itï,1
itg,1
isq,1
îsl,1
ísi,1
isâ,1
îrs,1
irï,1
iq ,1
îps,1
ipp,1
ipf,1
î p,1
ioy,1
iov,1
inp,1
inï,1
inî,1
imu,1
imr,1
imm,1
imí,1
imd,1
ïm ,1
ilv,1
iln,1
ilï,1
ïl ,1
iks,1
ikr,1
ikk,1
ike,1
ijr,1
iin,1
iim,1
iia,1
î i,1
igh,1
ìg ,1
ift,1
ifs,1
ifí,1
ifg,1
ïfd,1
ifä,1
ifá,1
î f,1
iez,1
ieo,1
iek,1
ïed,1
ieb,1
i ê,1
idq,1
idc,1
î d,1
icŵ,1
icê,1
icé,1
icd,1
î c,1
ibp,1
ibn,1
iäw,1
îau,1
ïam,1
ïac,1
 î ,1
hyu,1
hyo,1
hyj,1
hŷd,1
h ŷ,1
h x,1
hŵy,1
hŵl,1
 hŵ,1
h v,1
hüw,1
huv,1
huq,1
hts,1
hte,1
ht ,1
hsi,1
hs ,1
hrp,1
hrô,1
hrl,1
hrï,1
hrî,1
hrg,1
hq ,1
hox,1
höw,1
hov,1
hok,1
hoh,1
hnw,1
hnu,1
hnl,1
hlï,1
hlê,1
hka,1
hiz,1
hiy,1
hix,1
hîn,1
hîl,1
hik,1
hij,1
hîc,1
hïa,1
 hî,1
hgw,1
hgu,1
hg ,1
hfl,1
hf ,1
hca,1
hbu,1
hbi,1
hba,1
haz,1
hât,1
hâs,1
hâp,1
häi,1
haë,1
haa,1
g z,1
gyg,1
gŵs,1
gẃr,1
gŵp,1
gwh,1
gwë,1
gwä,1
gut,1
guc,1
gto,1
gsu,1
gsi,1
grê,1
gré,1
göw,1
gów,1
goo,1
gnd,1
gmw,1
glò,1
glê,1
gko,1
gja,1
giu,1
gïl,1
gij,1
gìg,1
 gï,1
 gì,1
ght,1
ghâ,1
ggu,1
ggi,1
gfo,1
geh,1
gdw,1
gc ,1
gbo,1
gba,1
gav,1
gak,1
gaa,1
gá ,1
fyo,1
fyb,1
fŵn,1
fwf,1
fwb,1
f ŵ,1
fum,1
fts,1
fse,1
frc,1
f q,1
fôf,1
fof,1
föe,1
foë,1
f ô,1
fls,1
flg,1
flf,1
flë,1
fje,1
fix,1
fíw,1
fim,1
fii,1
fïa,1
f ï,1
fí ,1
 fï,1
 fî,1
fgw,1
fgl,1
ffs,1
ffö,1
ffï,1
ffâ,1
fét,1
fbo,1
faz,1
fäw,1
fâl,1
fak,1
fâd,1
fà ,1
e z,1
eym,1
eyl,1
eye,1
eya,1
exu,1
exs,1
exe,1
exc,1
e ŵ,1
êu ,1
etv,1
etó,1
éti,1
etf,1
etä,1
ê t,1
esk,1
éra,1
épé,1
épa,1
ê p,1
eou,1
env,1
êmw,1
ems,1
éls,1
elr,1
ëll,1
elk,1
elâ,1
èl ,1
ekt,1
 ek,1
ek ,1
ejw,1
ejm,1
eja,1
 ej,1
eiz,1
eiu,1
ehu,1
ehn,1
ehi,1
egh,1
egd,1
egc,1
egb,1
êfs,1
efd,1
eez,1
eet,1
eé ,1
edp,1
edc,1
edb,1
ecp,1
eck,1
êci,1
ecg,1
ecc,1
ecb,1
éc ,1
ebc,1
ebä,1
ebâ,1
eam,1
eag,1
eac,1
eab,1
é a,1
dyt,1
dwg,1
dŵf,1
dva,1
duy,1
düw,1
dut,1
dûr,1
dup,1
dum,1
duk,1
dui,1
duc,1
 dü,1
 dû,1
dst,1
dsi,1
dsh,1
d š,1
dq ,1
dpo,1
dôs,1
dôr,1
dok,1
dôi,1
dmo,1
diu,1
dís,1
diq,1
dii,1
 dï,1
 dí,1
dho,1
dhä,1
dgw,1
dfd,1
dét,1
dér,1
dép,1
dê ,1
ddd,1
dcy,1
dcu,1
dcô,1
dby,1
dbi,1
day,1
dâr,1
dao,1
d ȃ,1
cŷn,1
c ŷ,1
 cŷ,1
cuj,1
cuf,1
cuc,1
cub,1
ctê,1
csu,1
csï,1
csc,1
 cs,1
cpy,1
cpo,1
cox,1
còd,1
 cò,1
cnô,1
cma,1
clf,1
clê,1
ckt,1
ckp,1
cko,1
ckm,1
ckj,1
c k,1
cja,1
cît,1
cif,1
c ï,1
 cï,1
cgo,1
cfu,1
cfe,1
cét,1
ceq,1
céd,1
cé ,1
cdr,1
cdd,1
ccy,1
ccr,1
cbw,1
cav,1
câb,1
c ã,1
cá ,1
bŵt,1
bŵo,1
buk,1
bto,1
bti,1
bth,1
bta,1
bsg,1
bsd,1
bs ,1
bpu,1
boy,1
bov,1
bôs,1
bôc,1
b ô,1
bni,1
blỳ,1
blr,1
blk,1
biu,1
biq,1
biâ,1
bgu,1
bgl,1
bge,1
bfe,1
bfa,1
bés,1
bêr,1
beh,1
beb,1
bdi,1
bca,1
bbe,1
baz,1
bao,1
bál,1
b  ,1
az ,1
ayy,1
ayo,1
ayh,1
ã y,1
äwy,1
äw ,1
avu,1
auy,1
aux,1
auw,1
aup,1
atv,1
atp,1
atö,1
atî,1
âte,1
atd,1
asq,1
ask,1
asä,1
 âs,1
arӓ,1
arü,1
arj,1
arë,1
arè,1
aqg,1
 aq,1
aoy,1
äol,1
áod,1
aoc,1
äo ,1
 ao,1
anp,1
 ân,1
amŵ,1
amï,1
ȃ m,1
aló,1
alí,1
alê,1
alâ,1
ál ,1
akd,1
aju,1
ajo,1
ajd,1
 aj,1
aj ,1
aih,1
aie,1
âia,1
ahy,1
ahm,1
ahi,1
agâ,1
aft,1
afâ,1
äel,1
aël,1
aëd,1
aeb,1
áe ,1
adô,1
adé,1
ȃ d,1
acŵ,1
acp,1
acj,1
acî,1
âbr,1
abé,1
abb,1
abä,1
abá,1
aat,1
 ã ,1
