yn ,4347
 yn,3609
 n ,2267
 i ,2025
 ma,1943
od ,1861
ae ,1791
mae,1699
 o ,1640
dd ,1623
 a ,1596
d y,1589
 y ,1535
au ,1494
n y,1389
 gw,1352
 r ,1308
i n,1308
th ,1280
bod,1247
 bo,1246
ni ,1173
ydd,1143
 fe,1138
 ar,1125
 ni,1109
edd,1075
ch ,1070
eth,1064
di ,1016
n g,1009
 we,999
el ,989
 nh,940
ddi,936
nhw,932
 ch,927
fel,922
lan,921
an ,921
wn ,888
n n,888
na ,880
 dd,873
wed,860
hw ,853
dyn,847
 gy,846
io ,812
 yy,811
yna,754
n d,753
n a,733
 ga,733
yd ,710
nd ,708
 me,702
 sy,694
ar ,691
 cy,689
 dw,683
all,671
hi ,670
 hy,662
 pl,656
chi,651
edi,640
eu ,634
on ,633
ith,626
i g,624
yr ,619
 be,611
 ac,609
 rh,605
wi ,592
yym,587
oed,587
 am,585
 he,584
ol ,582
 on,576
neu,576
 ef,576
bet,574
hyn,572
e n,572
d a,569
 ei,560
 dy,559
nt ,558
n b,558
ydy,557
pla,556
 yr,554
r y,552
i d,549
n c,548
ryd,547
iau,545
 ry,544
o r,544
 ca,523
os ,522
 ll,522
n m,520
en ,518
dim,518
ell,511
ym ,506
ach,504
dwi,501
r a,500
i r,497
 ne,490
im ,489
 di,488
 oe,487
d i,479
ynn,478
lly,476
ion,476
d o,476
wyd,474
ant,473
n i,470
eit,464
rdd,463
 ym,459
ael,455
i f,454
ddw,452
i w,450
ud ,444
eud,443
da ,441
lla,437
ond,433
wel,427
n f,427
gyd,427
n o,426
ych,421
l y,421
 go,421
ly ,412
 bl,410
 pe,407
d n,407
yy ,403
hau,400
 po,394
h y,394
fan,394
i b,392
ac ,392
n e,390
gwy,386
 by,386
 da,384
m y,383
fyd,381
ydi,380
id ,380
tha,378
 un,376
n h,375
 yd,374
l i,374
yma,372
yw ,370
n s,369
 fa,365
i y,364
ai ,363
h c,362
wch,359
er ,358
 ba,355
yda,352
 ha,351
d e,349
ynd,346
y p,342
ig ,342
in ,340
 ff,339
ll ,338
e r,338
o n,337
fod,337
ewn,337
a d,337
un ,334
am ,334
dau,333
u y,331
awn,331
gwe,329
anh,328
w n,326
i a,322
l a,319
hef,319
efy,319
ard,319
nhi,318
s y,316
i m,316
hig,316
o b,315
med,310
a m,308
 de,307
wne,305
d m,305
ysg,304
obl,304
fo ,304
fi ,304
dio,304
 an,304
yst,303
 fi,300
r p,298
mew,298
 na,296
n r,294
lu ,294
es ,294
y n,293
u r,293
a r,293
ed ,291
cae,291
i c,289
 do,287
wy ,285
wyb,284
wl ,284
u a,284
rth,284
 pa,283
idd,283
dwl,283
ddy,283
ag ,283
o f,282
ma ,282
wr ,280
iad,279
 ia,279
n t,277
bl ,277
st ,276
o a,276
 fo,275
ad ,273
wyn,271
a f,271
ybo,267
thi,267
gwn,266
gol,265
cho,265
lai,264
bla,264
wys,262
a b,262
sy ,261
dol,261
d h,261
u n,260
e y,258
chw,256
byd,256
 my,255
 fy,255
a n,255
dda,254
 ag,253
y g,251
rha,251
myn,251
 co,251
 ra,250
 ys,249
nny,247
syd,246
ifa,246
ein,246
d d,246
 eu,244
awr,244
rhy,243
 hw,243
gal,243
ain,243
hos,242
u b,241
o d,240
dig,239
d f,237
c y,237
anc,237
llu,236
gyn,236
aet,235
ada,235
n p,234
nna,233
ddo,233
r h,232
 bw,231
r b,230
nu ,230
 if,229
 si,226
iaw,225
d b,225
y c,224
t y,224
ann,224
igi,223
cyf,223
 wr,222
efo,222
 pr,221
nnu,221
g y,221
eld,220
gio,219
u g,218
r d,218
 dr,218
rwy,217
bwy,217
sia,215
 e ,215
y d,214
pet,214
wrt,212
 tr,212
lle,212
ang,212
l b,211
u c,210
ny ,209
ara,209
pob,208
nc ,208
le ,208
int,208
cyn,208
r g,207
mwy,207
ysi,205
ld ,205
ran,204
 os,201
l e,201
fal,201
dde,201
hwn,199
d g,199
af ,199
i o,198
hyd,198
o y,196
h o,195
hio,195
len,194
hyw,194
nyd,192
ei ,191
 yw,190
gwa,190
bob,190
 al,190
l o,189
 er,189
ath,187
ait,187
y m,186
u h,186
 br,186
u p,185
llw,185
r e,184
eis,184
a y,183
y b,182
han,182
rai,181
nid,181
i h,181
dan,181
nol,180
ail,180
oni,179
gan,179
r c,178
o g,178
 ty,177
oes,177
d p,177
gu ,176
tyn,175
oli,175
 mw,175
u f,174
isi,174
sig,172
d c,172
a c,172
gen,170
y y,169
r m,169
h a,169
edy,169
lwy,168
jys,165
 jy,165
ffo,165
eni,165
 at,165
gor,164
ano,164
u d,163
t o,163
 mo,163
ofi,162
lio,162
efa,162
dyc,162
dai,162
wei,161
fe ,161
 te,160
n w,160
lia,160
il ,160
gwr,160
 ad,160
u m,159
fu ,159
do ,159
t a,158
or ,157
law,157
sgo,156
pos,156
i e,156
dod,156
r o,152
dwe,152
bac,152
 â ,152
odd,151
l m,151
d w,151
a p,151
rae,150
ent,150
dyd,150
diw,150
cym,150
no ,149
fyn,149
efn,149
oi ,146
nia,146
hwy,146
 fw,145
ffe,145
war,144
ngh,144
e o,144
dia,144
a g,144
n l,143
w y,142
ob ,142
gae,142
weu,141
naw,141
mpo,140
hai,140
gyf,140
fwy,140
rio,139
m a,139
ia ,139
y f,138
pan,138
e h,138
ost,137
i s,137
aw ,137
add,137
a a,137
wyr,136
ryw,135
nod,135
ir ,135
dys,135
al ,135
a h,135
ti ,134
nty,134
 ge,134
for,134
wbe,133
ôl ,133
g o,133
ywb,132
fei,132
ef ,132
dei,132
yth,131
r f,131
i p,131
arn,131
yfu,130
gar,130
e m,130
d r,130
ord,129
omp,129
hwa,129
bar,129
aid,129
y t,128
y o,128
ru ,127
fat,127
eid,127
def,127
ros,126
eff,126
mor,124
s m,123
nge,123
fy ,123
edr,123
dw ,123
u o,122
s i,122
 la,122
 cr,122
a i,122
u e,121
red,121
h s,121
sic,120
l h,120
yng,119
 wa,119
r s,119
osi,119
nes,119
l g,119
h g,119
chy,119
h b,118
doe,118
ys ,117
us ,117
o m,117
 gr,117
g a,117
 to,116
gym,116
dyf,116
a o,116
ymd,115
s a,115
ng ,114
ian,114
h i,114
eg ,114
w a,113
lyg,113
ech,113
as ,113
 ro,112
rau,112
r u,111
reu,111
o i,111
ynt,110
wyt,110
 hu,110
w d,109
so ,109
l d,109
is ,109
icr,109
fia,109
ffr,109
aen,109
ria,108
r i,108
fny,108
fai,108
enn,108
awl,108
w i,107
s d,107
i l,107
haw,107
d s,107
y s,106
y r,106
 mi,106
h m,106
u i,105
a w,105
tyf,104
new,104
lyn,104
lch,104
igy,104
hun,104
ymr,103
 pw,103
igo,103
hra,103
 su,102
rei,102
li ,102
s o,101
i i,101
 ho,101
e p,101
 id,100
e a,100
ben,100
ot ,99
o h,99
dro,99
a s,99
 ta,98
mat,98
 wi,97
mde,97
chr,97
 ti,96
nig,96
lae,96
hed,96
g i,96
 en,96
e g,96
ble,96
wai,95
u s,95
rad,95
has,95
 cw,95
sut,94
ple,94
h n,94
ri ,93
pwy,93
e d,93
du ,93
ygu,92
 wn,92
 st,92
 ôl,92
lwc,92
l c,92
 ie,92
h f,92
gos,92
fer,92
byn,92
aro,92
yfr,91
y a,91
t m,91
hia,91
 hi,91
l p,90
ill,90
dar,90
wli,89
una,89
t i,89
dra,89
wnn,88
mai,88
lo ,88
hy ,88
and,88
y w,87
ut ,87
rof,87
res,87
o w,87
oso,87
o p,87
nh ,87
m m,87
m d,87
l f,87
 le,87
ffa,87
u t,86
tia,86
sod,86
roi,86
pro,86
m b,86
w e,85
sto,85
sgu,85
eb ,85
d l,85
ned,84
lod,84
lei,84
ili,84
iae,84
ha ,84
der,84
ur ,83
r t,83
nae,83
yfl,82
 wy,82
w m,82
 re,82
nti,82
led,82
et ,82
deg,82
ani,82
 yc,81
w f,81
 so,81
 se,81
rch,81
o e,81
hel,81
den,81
amd,81
wrs,80
sta,80
rd ,80
orf,80
iol,80
 fl,80
era,80
ŵr ,79
w r,79
sio,79
pot,79
o c,79
nyn,79
aml,79
tod,78
to ,78
raf,78
nau,78
ers,78
e e,78
bly,78
a l,78
wir,77
tio,77
rs ,77
mod,77
 lo,77
had,77
dry,77
com,77
wah,76
rod,76
ro ,76
 ph,76
nta,76
cre,76
at ,76
tra,75
ser,75
s b,75
neg,75
m o,75
go ,75
g n,75
f y,75
wyl,74
was,74
r l,74
rho,74
nio,74
mda,74
l r,74
iff,74
yne,73
uni,73
tro,73
 sg,73
o o,73
l n,73
hon,73
gon,73
g b,73
fno,73
ewc,73
edo,73
dat,73
arb,73
aha,73
w w,72
s n,72
ryc,72
rhi,72
per,72
n u,72
ien,72
hei,72
h d,72
dwy,72
dwn,72
d t,72
ra ,71
oll,71
odo,71
oda,71
 ng,71
fed,71
ely,71
bro,71
bo ,71
nni,70
lot,70
 ce,70
ylc,69
 ri,69
pri,69
nha,69
hu ,69
blo,69
yfa,68
ydr,68
thr,68
sg ,68
m w,68
m e,68
mau,68
l s,68
 ed,68
did,68
ane,68
wer,67
syn,67
sti,67
e f,67
deu,67
 cl,67
ais,67
w o,66
w b,66
pen,66
mse,66
c a,66
ati,66
ywy,65
tor,65
oly,65
nn ,65
hen,65
h â,65
fio,65
fen,65
f a,65
ams,65
yg ,64
wre,64
nwy,64
iwc,64
hol,64
fri,64
 et,64
eim,64
yni,63
yfe,63
u l,63
trw,63
tri,63
rno,63
ff ,63
est,63
r w,62
r r,62
maw,62
iml,62
h e,62
gil,62
edu,62
dyw,62
dor,62
dif,62
ynh,61
y l,61
u w,61
tei,61
ste,61
rol,61
odi,61
m f,61
gof,61
eul,61
eto,61
esa,61
crh,61
anw,61
aea,61
ymu,60
yff,60
t d,60
tbl,60
ghy,60
ewy,60
dym,60
atb,60
aso,60
asg,60
taf,59
sol,59
si ,59
rin,59
rid,59
raw,59
m n,59
lli,59
idi,59
ich,59
i  ,59
gad,59
ert,59
e b,59
 bu,59
art,59
o s,58
o l,58
mru,58
gyl,58
enw,58
ber,58
w g,57
tho,57
rie,57
pa ,57
 oh,57
mlo,57
m c,57
it ,57
eic,57
dae,57
bei,57
ato,57
yml,56
s r,56
rn ,56
ngo,56
ndo,56
lwn,56
l w,56
iw ,56
hoi,56
h h,56
gre,56
cio,56
yny,55
yno,55
wya,55
wna,55
 w ,55
str,55
son,55
ora,55
 or,55
ôn ,55
dal,55
c w,55
can,55
afo,55
a e,55
ywe,54
ral,54
pu ,54
nog,54
nne,54
isg,54
hie,54
gom,54
elp,54
dy ,54
 aw,54
a t,54
tre,53
syc,53
sgw,53
s g,53
r n,53
nan,53
nag,53
 li,53
la ,53
eaf,53
dru,53
byw,53
amg,53
yfn,52
 tu,52
roe,52
rfo,52
rac,52
ori,52
 of,52
och,52
mgy,52
ini,52
ie ,52
haf,52
glu,52
g e,52
fle,52
faw,52
 el,52
chu,52
wm ,51
sym,51
pry,51
ml ,51
iwe,51
hof,51
fre,51
ffi,51
ulu,50
 u ,50
oro,50
oci,50
ily,50
flw,50
ewi,50
eil,50
ast,50
adw,50
yaf,49
t g,49
ter,49
sôn,49
 sô,49
nai,49
mi ,49
m h,49
m g,49
lun,49
lpu,49
i t,49
ywi,48
y h,48
syl,48
sty,48
 sa,48
nab,48
llt,48
ho ,48
her,48
gwl,48
dyl,48
byg,48
aif,48
ylw,47
wan,47
ref,47
orr,47
mla,47
men,47
gai,47
 f ,47
eby,47
dŵr,47
din,47
dec,47
d  ,47
bry,47
awe,47
awb,47
wg ,46
wb ,46
ta ,46
off,46
nat,46
lwg,46
iti,46
hym,46
 gl,46
gau,46
eal,46
aws,46
ade,46
yll,45
thu,45
rri,45
pei,45
og ,45
nno,45
ne ,45
lyd,45
ind,45
ied,45
fa ,45
e w,45
deb,45
ate,45
wng,44
wen,44
t f,44
t b,44
sa ,44
ryn,44
rbe,44
orm,44
ndi,44
ic ,44
h r,44
g m,44
eri,44
bre,44
ywu,43
wmp,43
tad,43
sgl,43
r ô,43
rhe,43
re ,43
n ô,43
ist,43
h w,43
h p,43
eng,43
ana,43
wun,42
ws ,42
ŵan,42
tyr,42
tur,42
thn,42
tal,42
sib,42
rŵa,42
 rŵ,42
rif,42
rff,42
nnw,42
neb,42
lyw,42
lw ,42
igw,42
e i,42
aed,42
abo,42
ymw,41
yfi,41
s p,41
nde,41
ndd,41
mry,41
mlw,41
lon,41
iri,41
if ,41
fft,41
em ,41
e c,41
dre,41
cof,41
cad,41
ymo,40
wid,40
tif,40
tai,40
sef,40
rby,40
nwe,40
hre,40
erb,40
drw,40
dea,40
c o,40
b m,40
atu,40
alw,40
wrn,39
unr,39
pho,39
ome,39
nrh,39
nad,39
n  ,39
hob,39
hno,39
few,39
esy,39
dew,39
adn,39
yrr,38
yri,38
yl ,38
t r,38
teb,38
sau,38
ry ,38
rso,38
ron,38
 py,38
oge,38
m r,38
lad,38
iyn,38
iwn,38
iar,38
ghr,38
eir,38
dwc,38
 dŵ,38
dle,38
c m,38
cam,38
b y,38
b d,38
arw,38
air,38
ago,38
afu,38
ydo,37
tom,37
sgi,37
s f,37
s e,37
nos,37
nôl,37
 nô,37
nll,37
m s,37
mis,37
lys,37
l t,37
fry,37
bor,37
yli,36
tan,36
swn,36
siw,36
rra,36
pas,36
oti,36
heb,36
fra,36
e s,36
elo,36
e l,36
egi,36
car,36
asa,36
wri,35
uas,35
teu,35
siŵ,35
par,35
oho,35
 no,35
nga,35
llo,35
iŵr,35
 gi,35
ger,35
elf,35
dis,35
cr ,35
cha,35
awd,35
are,35
ymy,34
wra,34
we ,34
the,34
sit,34
s c,34
po ,34
ole,34
 od,34
obe,34
man,34
lfe,34
lau,34
gin,34
euo,34
eol,34
d u,34
cwr,34
bua,34
tem,33
s h,33
saw,33
ola,33
oen,33
ode,33
les,33
iec,33
hro,33
g w,33
gob,33
frw,33
f o,33
fin,33
eso,33
erf,33
dna,33
 d ,33
cys,33
cly,33
bos,33
a u,33
arf,33
arc,33
aff,33
w h,32
t n,32
 th,32
ses,32
rga,32
o u,32
mpa,32
m i,32
i j,32
ib ,32
gia,32
gel,32
dus,32
yf ,31
ydn,31
w s,31
wae,31
t s,31
 sh,31
 sb,31
rhw,31
ony,31
ono,31
ns ,31
lwe,31
lem,31
iwr,31
iog,31
hwi,31
gy ,31
g f,31
g d,31
ffy,31
dr ,31
de ,31
d â,31
c e,31
ynl,30
yfo,30
uno,30
ty ,30
te ,30
saf,30
olc,30
 ol,30
ofy,30
nhe,30
mun,30
leg,30
las,30
ft ,30
fn ,30
ene,30
elw,30
edw,30
dri,30
ddu,30
che,30
b i,30
ata,30
 ai,30
y e,29
wil,29
wes,29
 tŷ,29
t e,29
pam,29
ou ,29
one,29
oma,29
o  ,29
ghe,29
g g,29
fyr,29
far,29
ew ,29
elu,29
dom,29
cti,29
bon,29
ban,29
awy,29
ari,29
y i,28
wt ,28
uwc,28
 uw,28
t c,28
shw,28
rob,28
ore,28
ofa,28
nwa,28
now,28
mos,28
lwm,28
liw,28
kno,28
 kn,28
hwt,28
h t,28
har,28
grw,28
fly,28
e t,28
ele,28
 eg,28
cyr,28
col,28
cen,28
you,27
 yo,27
w c,27
w  ,27
tua,27
toc,27
siy,27
sgy,27
paw,27
org,27
nsi,27
mud,27
m p,27
 m ,27
hyf,27
fid,27
f f,27
erw,27
erd,27
eno,27
end,27
atr,27
anf,27
ala,27
yra,26
ynu,26
ŷn ,26
ymp,26
wdd,26
u k,26
tym,26
tŷ ,26
tu ,26
t p,26
tos,26
rtr,26
rsi,26
oga,26
 oc,26
mal,26
lur,26
luo,26
l l,26
lin,26
ino,26
gyw,26
gwm,26
g r,26
fus,26
ffw,26
eny,26
ema,26
edl,26
dwr,26
cod,26
b a,26
aru,26
ama,26
adl,26
ysa,25
yrc,25
uri,25
t t,25
tr ,25
tat,25
ris,25
pyn,25
ow ,25
ose,25
nar,25
fla,25
ens,25
emo,25
egl,25
dla,25
blw,25
â r,25
ygi,24
wle,24
w l,24
syt,24
s w,24
rys,24
ric,24
pio,24
ogi,24
ner,24
ici,24
gyr,24
gra,24
g p,24
fac,24
eun,24
 em,24
cwe,24
chn,24
c d,24
ali,24
ado,24
ŷ g,23
w p,23
try,23
tiw,23
t h,23
su ,23
soe,23
 pu,23
oty,23
odl,23
loe,23
lic,23
ip ,23
ide,23
hag,23
gwi,23
gly,23
gi ,23
fiw,23
f i,23
f b,23
e  ,23
dni,23
del,23
cas,23
byt,23
bys,23
asw,23
asi,23
alu,23
a j,23
wlw,22
ul ,22
t w,22
sba,22
ryf,22
 rw,22
ril,22
rde,22
non,22
met,22
mef,22
mas,22
ify,22
ifo,22
ife,22
icw,22
gaf,22
fae,22
cwl,22
coe,22
cia,22
baw,22
 ae,22
adu,22
yt ,21
ymc,21
yla,21
ygo,21
wly,21
udd,21
tun,21
tir,21
tip,21
sen,21
rmo,21
ren,21
poe,21
ohe,21
ofn,21
nw ,21
nas,21
nal,21
mch,21
lym,21
leo,21
lde,21
ins,21
iac,21
fro,21
fol,21
ery,21
eo ,21
efe,21
ect,21
dil,21
ddf,21
c i,21
bri,21
a  ,21
wym,20
wad,20
thy,20
sur,20
sga,20
sai,20
rwc,20
rw ,20
row,20
reo,20
o t,20
om ,20
oe ,20
ngl,20
lt ,20
iha,20
ial,20
hae,20
gys,20
g s,20
god,20
fwn,20
f s,20
f m,20
f c,20
 ew,20
ega,20
efu,20
efi,20
ebu,20
 du,20
deo,20
cro,20
cor,20
bel,20
b b,20
bal,20
yta,19
yrd,19
wd ,19
wc ,19
uny,19
um ,19
uga,19
 ug,19
sys,19
san,19
rny,19
rfe,19
rfa,19
rea,19
phl,19
mp ,19
 mh,19
mel,19
mdd,19
lyb,19
l u,19
lit,19
laf,19
ing,19
hyt,19
hin,19
g h,19
ged,19
g c,19
f n,19
ffu,19
erc,19
dos,19
cyc,19
clo,19
bot,19
alo,19
â c,19
ytu,18
ytr,18
ymh,18
w t,18
wbl,18
ued,18
tys,18
ted,18
se ,18
sbo,18
rou,18
 pi,18
own,18
obo,18
nor,18
mil,18
log,18
let,18
i u,18
itr,18
ipy,18
ile,18
iai,18
hwe,18
hri,18
hna,18
hla,18
gef,18
ge ,18
ead,18
dwa,18
cwy,18
 cn,18
bwr,18
bu ,18
bol,18
 bi,18
bed,18
be ,18
apu,18
aol,18
ans,18
adr,18
ysl,17
yde,17
wod,17
wla,17
wio,17
u u,17
uog,17
ua ,17
tyw,17
t l,17
thw,17
sis,17
sie,17
rnh,17
rma,17
rfy,17
rbo,17
pod,17
ous,17
nsa,17
n â,17
mer,17
lbw,17
igr,17
hod,17
hir,17
he ,17
hao,17
gwb,17
gaw,17
fys,17
fyl,17
esi,17
enc,17
eih,17
egu,17
ci ,17
cei,17
by ,17
b u,17
boe,17
any,17
afa,17
ysy,16
yso,16
ydw,16
y  ,16
wst,16
wis,16
 tw,16
s l,16
 s ,16
ryg,16
rt ,16
rig,16
pys,16
osb,16
ogy,16
odu,16
nit,16
nif,16
nel,16
mes,16
mar,16
ium,16
ina,16
ieu,16
ica,16
hyr,16
 gn,16
gla,16
ga ,16
fur,16
 fr,16
f h,16
esu,16
 es,16
emi,16
e j,16
d j,16
dem,16
c n,16
bec,16
aul,16
api,16
yse,15
yru,15
uoe,15
une,15
tic,15
swr,15
rws,15
rog,15
rll,15
ram,15
pyd,15
pur,15
pre,15
por,15
orc,15
n j,15
mr ,15
m l,15
lus,15
lto,15
lol,15
iwm,15
isw,15
iso,15
 in,15
hŷn,15
 hŷ,15
h  ,15
gei,15
f d,15
enh,15
eif,15
ede,15
 ea,15
dir,15
 ci,15
c f,15
b t,15
bra,15
â p,15
ysu,14
yrw,14
wrd,14
ŵa ,14
unw,14
top,14
thd,14
sle,14
sge,14
sed,14
rôl,14
 rô,14
p p,14
owl,14
oet,14
nwi,14
niw,14
nfe,14
ndy,14
mys,14
myl,14
mo ,14
mho,14
lŷn,14
lis,14
lfa,14
 jo,14
 is,14
iga,14
ido,14
hr ,14
hes,14
glŷ,14
gam,14
g  ,14
fyw,14
fwr,14
f w,14
flo,14
f e,14
eti,14
eia,14
eda,14
dip,14
dfe,14
ddŵ,14
dad,14
cyd,14
c s,14
ciw,14
c h,14
bio,14
asu,14
ysw,13
yc ,13
wth,13
wnd,13
wll,13
 wl,13
urf,13
tec,13
s t,13
s s,13
rbr,13
rat,13
r  ,13
pus,13
pum,13
pia,13
old,13
oer,13
nin,13
nic,13
nen,13
naf,13
mpe,13
mon,13
min,13
 lw,13
lew,13
lef,13
hew,13
hap,13
gry,13
goe,13
gid,13
gew,13
ges,13
 fu,13
f r,13
f p,13
fna,13
ero,13
dog,13
con,13
coc,13
cef,13
b p,13
bas,13
arl,13
ân ,13
afn,13
â d,13
yrs,12
won,12
wns,12
win,12
uo ,12
uen,12
tid,12
t  ,12
swm,12
 sw,12
soc,12
rm ,12
reb,12
p a,12
owc,12
osg,12
osa,12
onn,12
olb,12
nwc,12
niu,12
nfo,12
nct,12
lif,12
lac,12
iod,12
ifr,12
iby,12
iat,12
iap,12
h l,12
gwt,12
gem,12
fil,12
eue,12
esw,12
erm,12
egy,12
 ec,12
ean,12
doc,12
dib,12
ced,12
 c ,12
b s,12
brw,12
awo,12
 as,12
arg,12
ap ,12
ynr,11
yle,11
ydl,11
yby,11
yb ,11
wso,11
wsi,11
w j,11
ts ,11
tiy,11
ten,11
t â,11
 t ,11
s u,11
sla,11
rym,11
rŵp,11
rta,11
rpa,11
rim,11
ped,11
p b,11
osy,11
ons,11
ody,11
nud,11
nte,11
nff,11
nei,11
nda,11
 mu,11
mu ,11
mra,11
mly,11
 ml,11
mic,11
lal,11
l  ,11
inw,11
hwc,11
grŵ,11
gri,11
gle,11
gl ,11
fyg,11
fon,11
fad,11
e u,11
eoe,11
eli,11
ela,11
dur,11
due,11
dlu,11
das,11
cyt,11
ce ,11
bat,11
â y,11
anl,11
ale,11
alc,11
â g,11
aeg,11
abe,11
ysb,10
y j,10
yfy,10
wyc,10
w u,10
wo ,10
wnt,10
wni,10
wet,10
wce,10
unu,10
ump,10
u  ,10
toi,10
tig,10
thg,10
teg,10
tas,10
swy,10
sbl,10
rna,10
rec,10
pop,10
ote,10
ope,10
op ,10
ong,10
ona,10
ok ,10
odw,10
nwn,10
nwd,10
nus,10
nra,10
noc,10
ngw,10
m u,10
m t,10
mpi,10
lga,10
lân,10
lab,10
l â,10
hry,10
hor,10
hoe,10
hga,10
g u,10
gny,10
glw,10
glo,10
gho,10
ety,10
err,10
ego,10
ded,10
c u,10
cry,10
cra,10
clw,10
cer,10
caf,10
ca ,10
b o,10
 b ,10
arp,10
â n,10
amp,10
amo,10
aer,10
adi,10
yme,9
ybl,9
wu ,9
wrw,9
wia,9
uos,9
uag,9
táu,9
stw,9
sgr,9
rrw,9
rda,9
rc ,9
ray,9
p o,9
pel,9
pe ,9
pal,9
opi,9
olw,9
of ,9
nyr,9
nym,9
nhy,9
nci,9
nac,9
mei,9
lwo,9
llg,9
lip,9
ler,9
job,9
iwy,9
ine,9
ila,9
ies,9
iei,9
idy,9
hyl,9
hus,9
hud,9
h u,9
hom,9
gyc,9
geg,9
fow,9
flu,9
f g,9
eta,9
ess,9
ese,9
ena,9
ege,9
ea ,9
dli,9
cny,9
bwc,9
bli,9
b f,9
ay ,9
atá,9
arh,9
âr ,9
amr,9
act,9
abl,9
ywo,8
y u,8
yol,8
ync,8
ymg,8
ylo,8
yba,8
wyo,8
wti,8
ŵp ,8
wls,8
wlâ,8
wal,8
uli,8
tue,8
tis,8
tel,8
tam,8
tae,8
som,8
sbe,8
s  ,8
rni,8
rit,8
rfi,8
reg,8
pol,8
pin,8
ota,8
osf,8
ort,8
olf,8
ogo,8
noe,8
nly,8
nis,8
nef,8
ndw,8
m j,8
mig,8
lwr,8
lir,8
iwi,8
ive,8
ioc,8
ifi,8
hur,8
hog,8
hil,8
het,8
heo,8
heg,8
ham,8
 h ,8
gwc,8
gro,8
gog,8
gli,8
 g ,8
fot,8
fnd,8
erl,8
êl ,8
efr,8
ecy,8
eba,8
dno,8
dlo,8
cyw,8
cyl,8
cwp,8
cri,8
c p,8
co ,8
chd,8
c c,8
caw,8
bwm,8
b g,8
b e,8
b c,8
áu ,8
ase,8
â f,8
aci,8
yau,7
wpi,7
vid,7
uon,7
unc,7
uid,7
tws,7
twr,7
taw,7
stu,7
sil,7
sh ,7
rwp,7
rwm,7
rwa,7
rus,7
rte,7
roj,7
rag,7
pi ,7
phe,7
pec,7
owd,7
oun,7
ory,7
onc,7
 ok,7
oje,7
ogf,7
ofo,7
odr,7
nys,7
nyc,7
nth,7
nfa,7
nce,7
mwa,7
ms ,7
mhr,7
mhe,7
me ,7
mag,7
m  ,7
lwa,7
ls ,7
l j,7
lil,7
lce,7
jec,7
iro,7
imi,7
idl,7
ibe,7
hfa,7
hde,7
gyb,7
gfe,7
foe,7
fl ,7
fet,7
fas,7
 eh,7
ecs,7
dyg,7
dl ,7
dac,7
crw,7
c r,7
cli,7
c b,7
cap,7
cac,7
byl,7
b n,7
big,7
bia,7
bau,7
bai,7
amw,7
ame,7
agw,7
 af,7
aes,7
aba,7
ynw,6
ymb,6
ylu,6
ylb,6
ygl,6
ybr,6
wno,6
wgr,6
wef,6
wec,6
urd,6
 uc,6
twl,6
tim,6
tie,6
tgo,6
tau,6
tap,6
sor,6
sne,6
 sl,6
s j,6
sfl,6
sei,6
sby,6
sal,6
rwe,6
rsb,6
r j,6
rge,6
rel,6
ras,6
p s,6
pow,6
phr,6
p g,6
ovi,6
ots,6
orn,6
onf,6
omi,6
 og,6
ocs,6
nst,6
nom,6
ndr,6
myr,6
mhl,6
mam,6
 ly,6
lui,6
 lu,6
lti,6
lp ,6
llf,6
lig,6
lat,6
lag,6
ity,6
 io,6
ime,6
ild,6
igh,6
idr,6
hys,6
hyg,6
hwd,6
ht ,6
hne,6
hmm,6
 hm,6
hle,6
hem,6
ght,6
gha,6
gas,6
foc,6
fis,6
ffô,6
fbw,6
etr,6
eon,6
eha,6
eed,6
des,6
 cu,6
cov,6
cnw,6
cel,6
bwl,6
b w,6
br ,6
bow,6
ba ,6
awu,6
awt,6
atw,6
atg,6
â s,6
â h,6
agu,6
agl,6
afb,6
acl,6
ace,6
ywf,5
yrf,5
yre,5
ypo,5
ymt,5
ydb,5
wpl,5
wfa,5
wcy,5
ŵad,5
ve ,5
ust,5
uro,5
upu,5
und,5
ull,5
uch,5
ual,5
tyd,5
t u,5
 ts,5
thl,5
swl,5
ssi,5
ss ,5
siâ,5
sel,5
sbi,5
rwn,5
rti,5
rne,5
riw,5
rgy,5
rf ,5
p y,5
p u,5
pli,5
pil,5
 pê,5
pap,5
 p ,5
oto,5
o j,5
ogl,5
oel,5
obs,5
obm,5
o â,5
 ô ,5
 ny,5
nwr,5
nof,5
ngy,5
ncy,5
ncr,5
myg,5
mth,5
mot,5
mm ,5
mio,5
mbr,5
lyc,5
lya,5
lws,5
loc,5
llb,5
leu,5
lao,5
 l ,5
k a,5
 je,5
iwl,5
ioe,5
inf,5
ibi,5
ïau,5
hwr,5
hoc,5
hiw,5
hal,5
gyt,5
gus,5
gur,5
gnw,5
gat,5
gac,5
f t,5
fôn,5
f l,5
fey,5
fef,5
esg,5
esb,5
ere,5
ear,5
dŵa,5
dun,5
dul,5
dow,5
don,5
dn ,5
dfa,5
ddr,5
dbw,5
cwm,5
csb,5
cs ,5
cle,5
cla,5
cab,5
byr,5
bym,5
bôn,5
 bô,5
bma,5
bil,5
bi ,5
b h,5
aus,5
 au,5
arr,5
aod,5
ao ,5
amy,5
â m,5
age,5
â b,5
yty,4
ylf,4
yld,4
 yf,4
ye ,4
ybe,4
wyp,4
wnc,4
 wh,4
wfn,4
wff,4
wdw,4
wde,4
wa ,4
ver,4
utu,4
uso,4
ura,4
uod,4
unt,4
unf,4
u j,4
udo,4
udi,4
ub ,4
tyb,4
twn,4
tud,4
tru,4
tle,4
tiv,4
tin,4
thf,4
tag,4
sus,4
sud,4
spo,4
smo,4
 sm,4
sbï,4
sac,4
rwg,4
rud,4
rre,4
rr ,4
rme,4
rlu,4
ree,4
rdu,4
py ,4
pwn,4
phi,4
owe,4
 ot,4
ogr,4
ocw,4
oco,4
oce,4
nyf,4
nô ,4
nnh,4
nib,4
mwn,4
mwe,4
mof,4
mia,4
mha,4
mdr,4
map,4
lyr,4
ltu,4
lsi,4
lfr,4
lff,4
lec,4
joi,4
iwg,4
iŵ ,4
ite,4
ise,4
isa,4
irn,4
inn,4
inc,4
imp,4
ilo,4
ilf,4
ige,4
ifl,4
hŷ ,4
hwb,4
how,4
hlu,4
heu,4
hdi,4
hda,4
hat,4
g t,4
fw ,4
fun,4
f u,4
fli,4
fau,4
fam,4
fab,4
eye,4
eyd,4
 ey,4
ey ,4
erg,4
enu,4
enf,4
enb,4
eme,4
ehe,4
egw,4
ee ,4
eco,4
ecl,4
ebo,4
dwf,4
die,4
daw,4
cy ,4
cws,4
cus,4
cta,4
ct ,4
crc,4
cos,4
cna,4
cl ,4
ck ,4
chf,4
cêl,4
 cê,4
cat,4
bwn,4
buo,4
bud,4
bsy,4
boo,4
b l,4
bïo,4
bag,4
bab,4
aur,4
ats,4
apa,4
âp ,4
â o,4
anu,4
agi,4
afi,4
aca,4
aby,4
ywl,3
yrg,3
ylg,3
yho,3
yen,3
ybi,3
yai,3
wyw,3
wyf,3
wsb,3
wry,3
wrp,3
wro,3
wpa,3
ŵl ,3
wf ,3
wdu,3
waw,3
wag,3
w â,3
ven,3
vat,3
uth,3
usn,3
uol,3
unn,3
ums,3
ulg,3
ug ,3
ues,3
ue ,3
tyl,3
twy,3
twf,3
tte,3
tsi,3
ton,3
tlo,3
 tl,3
tit,3
tes,3
tee,3
tar,3
tac,3
 sp,3
sog,3
sô ,3
sna,3
 sn,3
sl ,3
sïa,3
set,3
sec,3
seb,3
sbr,3
sat,3
rŵ ,3
rsa,3
rru,3
rot,3
rop,3
rom,3
rfl,3
rew,3
rdo,3
rdi,3
rab,3
r â,3
pto,3
pra,3
pna,3
 pn,3
p m,3
plî,3
pl ,3
pit,3
p f,3
pes,3
pêl,3
pat,3
pâr,3
 pâ,3
 ow,3
out,3
ôr ,3
ook,3
ôns,3
oke,3
oil,3
oid,3
ofr,3
ofe,3
ocy,3
 ob,3
nyl,3
nsy,3
not,3
nhr,3
nho,3
nfl,3
ney,3
nee,3
nea,3
nch,3
myw,3
myf,3
mw ,3
mpt,3
mou,3
moe,3
 mô,3
mle,3
mgo,3
meh,3
mdo,3
mba,3
m â,3
lyl,3
ltw,3
lof,3
lm ,3
lîs,3
lie,3
lgo,3
lge,3
lc ,3
lby,3
lbi,3
lb ,3
lav,3
lap,3
ken,3
jes,3
jam,3
 ja,3
iws,3
iu ,3
ito,3
isï,3
ïo ,3
iny,3
îns,3
ilm,3
ier,3
ias,3
iâp,3
ïa ,3
hyb,3
hub,3
hmy,3
hm ,3
h j,3
hit,3
hea,3
hdy,3
hân,3
hac,3
gw ,3
gr ,3
goi,3
g l,3
gêm,3
 gê,3
fwc,3
fuo,3
fti,3
fnu,3
fig,3
fic,3
fec,3
eys,3
 ex,3
ews,3
ewr,3
eut,3
eus,3
eua,3
esl,3
eru,3
enl,3
êm ,3
els,3
eib,3
ebe,3
eat,3
dha,3
dfw,3
dfu,3
df ,3
ddh,3
dam,3
cŵl,3
 cŵ,3
cu ,3
ctr,3
c j,3
cin,3
cie,3
chm,3
chl,3
chg,3
chb,3
ceb,3
cay,3
cal,3
c  ,3
bus,3
bul,3
b r,3
boc,3
bâr,3
aye,3
awi,3
avi,3
ava,3
â u,3
aty,3
â t,3
ash,3
amb,3
aio,3
aic,3
ahâ,3
agr,3
afl,3
afe,3
abi,3
ab ,3
yws,2
yrn,2
yph,2
ŷ n,2
yhe,2
ygy,2
yfd,2
ybu,2
ya ,2
xua,2
xte,2
wyg,2
wsh,2
wsa,2
wnw,2
wnb,2
wms,2
 wm,2
wig,2
wha,2
wge,2
wda,2
wcu,2
wbr,2
vic,2
via,2
vi ,2
ved,2
uyn,2
uwn,2
uu ,2
usi,2
ury,2
ure,2
 ur,2
u ô,2
ulo,2
uhd,2
uge,2
uff,2
uct,2
uae,2
u â,2
twc,2
tsw,2
tsh,2
tmo,2
tî ,2
 tî,2
ths,2
thm,2
tev,2
tch,2
tân,2
tab,2
 tâ,2
syr,2
syp,2
sw ,2
suf,2
squ,2
 sq,2
spr,2
sou,2
sob,2
sni,2
sn ,2
ska,2
 sk,2
sir,2
sid,2
shi,2
sgê,2
sff,2
sex,2
seu,2
 sc,2
rwt,2
rwo,2
rut,2
rug,2
ruc,2
rto,2
rsg,2
rse,2
rry,2
rro,2
roc,2
rmi,2
rli,2
rgr,2
rfu,2
rëw,2
rêt,2
ret,2
rdr,2
rcu,2
rco,2
rci,2
rap,2
qua,2
pws,2
pwl,2
pwe,2
pup,2
pul,2
pti,2
psi,2
pon,2
poi,2
p n,2
plu,2
pig,2
pib,2
pha,2
pfa,2
pêr,2
p e,2
pch,2
p c,2
pac,2
ove,2
oss,2
orw,2
ors,2
orl,2
ops,2
 op,2
oos,2
oom,2
ont,2
olr,2
o k,2
oiw,2
oio,2
oin,2
oh ,2
ogw,2
oeo,2
ock,2
ocê,2
oc ,2
oby,2
obi,2
oar,2
oam,2
oa ,2
 nu,2
ntu,2
ntr,2
nto,2
nsw,2
nse,2
nri,2
niv,2
nil,2
nie,2
nhî,2
ngi,2
nby,2
nbw,2
nav,2
nap,2
myd,2
mre,2
mpl,2
mpf,2
môr,2
mlb,2
mir,2
mîm,2
 mî,2
mgl,2
mga,2
mey,2
meg,2
mbi,2
mbe,2
lyp,2
lyf,2
lra,2
los,2
loi,2
liv,2
lib,2
lgy,2
lar,2
lâ ,2
 lâ,2
k o,2
kes,2
k b,2
kat,2
 ju,2
jer,2
iwt,2
itt,2
itl,2
ita,2
isy,2
isn,2
îs ,2
irw,2
ire,2
ira,2
ips,2
ipe,2
ioa,2
i ô,2
îms,2
imb,2
îm ,2
ida,2
ict,2
ics,2
icl,2
ice,2
ibw,2
ibl,2
iâr,2
iam,2
iaf,2
i â,2
hyc,2
hts,2
hot,2
hoo,2
hok,2
hny,2
hly,2
hlo,2
his,2
hîm,2
hid,2
hib,2
hge,2
hdr,2
hdl,2
hbe,2
hâ ,2
gŵr,2
gwd,2
 gŵ,2
 gu,2
gru,2
grê,2
goo,2
gôl,2
 gô,2
gne,2
gic,2
gh ,2
fyt,2
fyc,2
fru,2
fr ,2
fos,2
fom,2
fni,2
ffl,2
fde,2
fag,2
exu,2
ext,2
ewg,2
ëwc,2
evi,2
eve,2
euy,2
eur,2
ets,2
ete,2
esn,2
êr ,2
eor,2
eig,2
egn,2
een,2
eds,2
ecr,2
eci,2
ebr,2
 eb,2
eau,2
eas,2
eai,2
e â,2
dyr,2
dyh,2
dŷ ,2
 dŷ,2
dop,2
dnw,2
dly,2
 dl,2
dit,2
dic,2
deh,2
ddl,2
 dâ,2
cyh,2
cwt,2
cwb,2
cw ,2
 cv,2
cud,2
ctu,2
cto,2
cso,2
csi,2
crë,2
cop,2
c l,2
cit,2
c g,2
ces,2
cep,2
cê ,2
bup,2
bun,2
bum,2
buh,2
bou,2
boa,2
blu,2
bîn,2
bin,2
 bî,2
beu,2
bes,2
 bâ,2
awg,2
awc,2
auu,2
att,2
atm,2
atf,2
asy,2
ary,2
ape,2
apc,2
 ap,2
anr,2
ami,2
amh,2
alg,2
â l,2
aig,2
agn,2
afw,2
afr,2
adf,2
acw,2
ack,2
 ab,2
zza,1
zoo,1
 zo,1
zin,1
ze ,1
zan,1
yzz,1
yyr,1
ywa,1
y v,1
yti,1
ysn,1
yry,1
yrt,1
yrh,1
ŷ r,1
ypw,1
ypi,1
 yp,1
ynf,1
yms,1
yie,1
ygw,1
ygr,1
yfw,1
yed,1
ydu,1
ŷ d,1
ycn,1
ŷ c,1
yac,1
xpe,1
wŷn,1
wyi,1
wye,1
 wŷ,1
 ww,1
ww ,1
wts,1
wto,1
wtc,1
 wt,1
wsw,1
wsu,1
w q,1
wpw,1
wor,1
wog,1
 wo,1
wnâ,1
wmw,1
wmn,1
wmf,1
wmb,1
wld,1
wlc,1
wlb,1
wit,1
wim,1
wif,1
wic,1
wht,1
who,1
whi,1
wgl,1
ŵer,1
weo,1
wee,1
wea,1
wdy,1
wdl,1
wco,1
wby,1
way,1
wau,1
wat,1
ŵ a,1
vor,1
vit,1
vir,1
vig,1
 vi,1
v i,1
ves,1
vel,1
 ve,1
val,1
 va,1
uty,1
utl,1
uti,1
usw,1
uss,1
usr,1
ush,1
urt,1
urr,1
urg,1
uot,1
ung,1
unb,1
umd,1
uma,1
ulw,1
ult,1
uls,1
uld,1
ulc,1
uit,1
ui ,1
ugn,1
ugh,1
ufe,1
uef,1
udg,1
udf,1
 ud,1
uci,1
uce,1
ubt,1
ube,1
ubb,1
uar,1
uan,1
uad,1
twt,1
two,1
twi,1
twe,1
tuw,1
tus,1
tub,1
ttl,1
tse,1
tok,1
tog,1
tne,1
tl ,1
t j,1
tiu,1
tîm,1
thb,1
tfo,1
tff,1
teo,1
tê ,1
 tê,1
tao,1
tâd,1
tâ ,1
tá ,1
s z,1
sŵn,1
swh,1
swg,1
swe,1
swc,1
sŵ ,1
 sŵ,1
sul,1
sug,1
sub,1
srw,1
spa,1
sop,1
sof,1
sme,1
slo,1
sin,1
sho,1
sha,1
sev,1
sem,1
seg,1
see,1
sea,1
sco,1
scl,1
sca,1
sbâ,1
sam,1
sag,1
sae,1
sad,1
s â,1
ryt,1
ryl,1
rwr,1
rwi,1
rvi,1
run,1
rum,1
rue,1
 ru,1
rtu,1
rtn,1
rsw,1
rst,1
rpo,1
rp ,1
rov,1
ror,1
roa,1
rns,1
rms,1
rly,1
rla,1
rji,1
riu,1
rip,1
rîn,1
rïa,1
rhu,1
rh ,1
rgo,1
rg ,1
rey,1
rêc,1
rê ,1
rdf,1
rce,1
raz,1
quo,1
qui,1
 qu,1
pyt,1
pwr,1
pwm,1
pŵe,1
 pŵ,1
pw ,1
p w,1
pso,1
ps ,1
ppe,1
ply,1
plo,1
piv,1
pic,1
p i,1
phy,1
phu,1
p h,1
pf ,1
pep,1
peg,1
pee,1
pea,1
p d,1
pai,1
pad,1
oyw,1
 ov,1
o v,1
our,1
oul,1
oug,1
ouc,1
 ou,1
otr,1
osw,1
osp,1
osh,1
oru,1
ork,1
orï,1
orb,1
opy,1
opt,1
opo,1
oph,1
oop,1
oon,1
ood,1
oo ,1
onv,1
onr,1
onh,1
omo,1
omm,1
omf,1
omb,1
ôls,1
ôlo,1
olo,1
ôle,1
ojy,1
oir,1
odf,1
ocr,1
oca,1
oac,1
nyt,1
nyb,1
nwo,1
nwl,1
 nw,1
nve,1
nur,1
num,1
nua,1
ntw,1
nts,1
nsp,1
nry,1
nrw,1
nou,1
nop,1
nok,1
nïo,1
nim,1
nïa,1
ngu,1
ngr,1
ngf,1
ngb,1
net,1
ndu,1
nds,1
ndp,1
nbu,1
nbo,1
nbl,1
nâi,1
my ,1
mws,1
mwl,1
mus,1
mur,1
mul,1
mta,1
môn,1
mol,1
moc,1
mob,1
moa,1
mô ,1
mnï,1
mmi,1
mme,1
mid,1
mhw,1
mgw,1
mge,1
mfr,1
mff,1
mêl,1
 mê,1
mca,1
mbŵ,1
mbl,1
mb ,1
maz,1
mâu,1
mân,1
mac,1
mab,1
 mâ,1
lyt,1
lwi,1
lwb,1
lue,1
lst,1
lsl,1
lse,1
loy,1
low,1
lou,1
lor,1
loo,1
lôn,1
loj,1
 lô,1
lmi,1
lld,1
liu,1
lid,1
lî ,1
lha,1
lf ,1
lel,1
ldo,1
ldi,1
ldd,1
lco,1
lbe,1
lax,1
k y,1
k w,1
ksp,1
k n,1
k l,1
k d,1
kay,1
 ka,1
jy ,1
jwg,1
 jw,1
jus,1
jud,1
jon,1
jo ,1
jio,1
jia,1
 ji,1
ji ,1
iwb,1
iwa,1
ivo,1
ivi,1
itc,1
iss,1
isl,1
ish,1
isc,1
iry,1
iru,1
 ir,1
ipl,1
ipi,1
ipa,1
 ip,1
iot,1
ior,1
ïol,1
ïod,1
inl,1
în ,1
î n,1
imo,1
imm,1
ima,1
 im,1
ilw,1
ils,1
ilg,1
ilb,1
iji,1
igl,1
iew,1
iev,1
ico,1
icn,1
ick,1
icc,1
 ic,1
ibr,1
hwm,1
hwf,1
hut,1
hup,1
huo,1
hum,1
hug,1
huf,1
hse,1
hs ,1
hrw,1
hoa,1
hni,1
hli,1
hip,1
hic,1
hgy,1
hfy,1
hee,1
hdo,1
hdd,1
hbw,1
hbr,1
gyh,1
gwp,1
gwf,1
gui,1
gue,1
grî,1
gow,1
gop,1
gnu,1
gno,1
gnï,1
gni,1
g j,1
gis,1
gig,1
gib,1
ghw,1
gfy,1
gfa,1
gêt,1
get,1
gêp,1
geo,1
gea,1
gbl,1
gab,1
g â,1
fyf,1
fwd,1
fug,1
fue,1
fud,1
fua,1
fty,1
fou,1
fôr,1
fôl,1
foi,1
fog,1
fô ,1
 fô,1
f j,1
fiv,1
fit,1
fir,1
fij,1
fih,1
fgy,1
fes,1
fee,1
fân,1
fak,1
faf,1
 fâ,1
ê y,1
exp,1
eww,1
euw,1
eug,1
etw,1
êts,1
êt ,1
esp,1
erv,1
ern,1
equ,1
 eq,1
ept,1
epp,1
êpo,1
epi,1
eos,1
eod,1
emt,1
emp,1
emb,1
emâ,1
elt,1
e k,1
eip,1
ê i,1
ehy,1
eho,1
efw,1
eet,1
eer,1
eef,1
 ee,1
edm,1
edj,1
edf,1
eck,1
êc ,1
ê c,1
ec ,1
ebi,1
eam,1
eae,1
eac,1
dŵ ,1
duo,1
dso,1
dsg,1
ds ,1
dpo,1
dou,1
dne,1
dmy,1
dmi,1
djo,1
diu,1
dih,1
dge,1
dga,1
dfo,1
dds,1
ddg,1
dav,1
dâp,1
dân,1
dag,1
daf,1
cyy,1
cyb,1
cwn,1
cwc,1
cv ,1
cte,1
c t,1
csy,1
cse,1
cow,1
cou,1
cot,1
côn,1
coi,1
coh,1
 cô,1
cni,1
clu,1
cks,1
cke,1
cic,1
cew,1
cet,1
cem,1
cec,1
cea,1
cch,1
cce,1
cav,1
cau,1
cai,1
c â,1
byz,1
bws,1
bwe,1
bŵ ,1
bw ,1
bur,1
bue,1
bub,1
btl,1
bse,1
brê,1
bop,1
boi,1
blh,1
biw,1
bih,1
bea,1
bbl,1
bba,1
bap,1
bam,1
b â,1
b  ,1
azi,1
aze,1
awf,1
â w,1
ave,1
â v,1
aut,1
aue,1
âu ,1
atâ,1
ass,1
asn,1
asm,1
asl,1
asb,1
ars,1
arj,1
 âr,1
aps,1
apr,1
apo,1
â ô,1
amc,1
aly,1
alt,1
als,1
alm,1
alf,1
ake,1
â j,1
aiu,1
aib,1
âi ,1
â i,1
ah ,1
agf,1
afg,1
ady,1
ads,1
adm,1
âd ,1
acy,1
acs,1
acc,1
abb,1
aah,1
â a,1
 aa,1
