n ,25147
 y,21115
d ,20536
dd,17920
i ,17646
yn,16608
r ,15644
 a,14570
 d,12790
 g,12102
y ,10084
 c,9849
ed,9796
 r,9646
o ,9432
 m,8899
yd,8872
u ,8616
a ,8389
ae,8207
di,8079
l ,8007
 n,7830
ar,7695
wy,7473
 o,7443
an,7421
 b,7281
 f,7036
 i,7021
th,6966
e ,6738
ei,6595
 e,6521
 h,6367
ch,6324
ll,6060
od,6036
ma,5994
h ,5845
ia,5631
da,5571
we,5034
oe,4902
er,4889
el,4820
ai,4814
en,4692
 w,4668
ad,4548
s ,4499
 s,4321
w ,4262
la,4237
ra,4178
au,4167
io,4109
 p,4090
ol,4049
ro,4021
gw,3900
 l,3884
fe,3856
 t,3805
ga,3781
ni,3673
ha,3672
ri,3618
m ,3530
ym,3528
dy,3493
ne,3424
t ,3416
et,3409
on,3372
yr,3342
g ,3296
gy,3192
hy,3182
aw,3156
de,3148
do,3128
cy,3108
yf,3099
wn,3058
na,3032
ff,3005
he,3004
go,2855
no,2803
le,2791
ys,2783
id,2749
am,2744
re,2739
or,2718
rh,2707
fy,2608
fa,2579
li,2577
hi,2540
nn,2526
dr,2519
in,2462
al,2446
ho,2442
yw,2439
f ,2423
fo,2411
es,2387
ry,2367
ly,2274
ng,2252
ef,2248
st,2231
wr,2223
ca,2209
af,2191
dw,2171
eu,2170
it,2160
hw,2100
un,2072
ac,2071
sg,2028
si,2017
ir,2017
nt,2002
wa,1973
me,1948
rw,1891
is,1885
nd,1874
by,1855
ew,1821
ge,1811
bo,1793
at,1711
ny,1709
fr,1707
il,1705
if,1679
lw,1677
os,1675
c ,1672
tr,1628
rd,1617
as,1606
be,1605
ig,1528
rt,1505
lo,1503
wi,1459
 u,1445
yl,1430
sy,1407
bl,1386
eg,1373
iw,1351
ta,1347
ti,1303
b ,1300
te,1267
of,1253
fi,1247
lu,1145
br,1145
gl,1124
gr,1122
sa,1091
pa,1061
og,1050
pe,1048
yc,1043
ba,1043
nw,1013
ob,1010
rf,1009
hr,1008
ud,1001
nh,993
ce,981
se,976
im,954
so,934
co,933
mr,872
to,863
fn,861
eb,853
ag,837
fl,832
ur,822
mo,821
wc,816
hu,805
yt,797
du,797
wl,795
yg,766
my,760
gi,757
rn,736
mi,724
ec,710
pr,703
rc,699
ty,698
ic,648
gh,639
mw,625
cr,625
fw,617
nu,606
bw,605
ie,594
bu,587
po,579
ml,558
tu,542
dl,542
â ,529
ru,528
oc,518
fu,505
us,488
ws,467
em,462
lc,458
pl,454
om,452
 â,447
rl,446
yb,444
sw,441
md,435
gu,435
ld,432
su,413
ea,411
eo,407
rs,405
cl,402
wo,395
wd,387
rb,385
ul,382
rr,376
ab,375
df,372
cw,364
wb,361
ôl,356
nf,348
ap,338
ph,335
oi,334
mh,331
ci,327
ns,326
rg,324
wm,319
p ,318
 ô,314
bi,314
oh,307
sb,303
op,301
lt,298
mu,294
nr,280
lf,277
hl,273
ua,270
pw,267
nc,266
uo,263
ot,252
wg,251
 j,249
rm,246
hn,246
nl,244
ms,243
ya,225
pu,224
pi,224
ib,223
mg,213
ut,211
tw,210
ah,207
mp,197
ow,191
ip,185
ug,178
ŵr,170
sn,168
jo,160
ct,153
  ,144
yh,143
uw,140
uc,138
ô ,138
hd,138
hg,134
ŷ ,126
mô,126
ân,126
lg,119
py,114
ôn,112
dŵ,111
wt,110
mc,106
um,104
iy,104
dn,104
cs,100
lm,98
ft,96
lb,95
mb,94
tb,93
ts,91
ue,89
rp,87
tg,85
ey,85
ôr,84
wf,81
vi,81
tŷ,81
gf,81
ao,80
mn,79
eh,75
wu,73
nb,70
av,70
lp,67
ïa,66
wp,65
sm,63
ls,62
sl,61
tl,60
ŵn,59
sh,59
gŵ,59
hf,58
ê ,58
cu,58
nô,57
fô,56
ŵ ,53
uf,53
rŵ,53
pt,52
lh,52
êl,52
gn,51
sf,49
sŵ,48
ou,48
gê,48
tâ,47
oy,47
ep,47
ub,45
 ŵ,44
ja,43
ih,43
mâ,41
dg,41
ev,40
sô,39
iâ,39
gd,39
ds,39
âr,39
lâ,38
hm,38
ên,38
oa,36
yi,35
ŵy,35
yo,34
rê,34
ŵa,33
âu,33
wâ,32
gâ,32
va,31
oo,31
nm,31
rï,30
iô,30
îm,30
sr,29
 k,29
k ,29
êm,29
áu,29
ŷn,28
pê,28
lr,28
ke,28
hŷ,28
gb,28
ee,28
cn,28
mf,27
 v,26
ck,25
yp,24
tt,24
î ,24
dŷ,24
dh,24
câ,24
ps,23
nï,23
ve,22
tŵ,22
lŷ,22
fd,22
ay,22
ww,21
ŵp,21
tî,21
jy,21
hâ,21
tn,20
rô,20
ïo,20
dm,20
lî,19
wê,18
bê,18
tf,17
tc,17
sá,17
je,17
db,17
sê,16
sâ,16
gô,16
fb,16
tá,15
ki,15
dî,15
âp,15
sd,14
sc,14
iŵ,14
dâ,14
mt,13
ji,13
ii,13
hs,13
bs,13
âl,13
x ,12
vy,12
sp,12
râ,12
mm,12
ln,12
ka,12
cô,12
âd,12
za,11
nk,11
êr,11
uy,10
iz,10
fg,10
cŵ,10
bd,10
ye,9
ui,9
pï,9
mê,9
lö,9
gs,9
fh,9
fê,9
dï,9
v ,8
up,8
tê,8
ss,8
pŵ,8
pn,8
lê,8
hô,8
hb,8
êt,8
dô,8
bï,8
ûm,7
uk,7
rk,7
pp,7
ok,7
nâ,7
ky,7
iv,7
hŵ,7
ht,7
hp,7
gm,7
fâ,7
é ,7
ak,7
âi,7
á ,7
 x,6
wh,6
ŵe,6
tô,6
tm,6
öy,6
ov,6
nj,6
ks,6
ix,6
în,6
gï,6
êc,6
yy,5
ôt,5
ik,5
ï ,5
ét,5
cê,5
cc,5
ŷr,4
xc,4
ŵl,4
td,4
sk,4
sï,4
rî,4
ré,4
pâ,4
ox,4
öe,4
ôc,4
lô,4
j ,4
gé,4
fû,4
ex,4
ëw,4
dc,4
cd,4
bû,4
ât,4
às,4
âm,4
 ,4
zo,3
 z,3
tp,3
sé,3
rë,3
pg,3
pf,3
öw,3
oj,3
np,3
mà,3
kh,3
kd,3
ît,3
îs,3
ïe,3
hï,3
hê,3
fs,3
fá,3
ês,3
 ê,3
cm,3
bŵ,3
bô,3
bâ,3
az,3
aa,3
zz,2
zi,2
z ,2
 ŷ,2
xi,2
xb,2
vo,2
rv,2
rö,2
pî,2
pd,2
ôs,2
nŵ,2
lŵ,2
lv,2
lk,2
ko,2
ju,2
jô,2
ïw,2
ij,2
hh,2
gg,2
gá,2
fŵ,2
ej,2
cï,2
cb,2
bö,2
bn,2
äw,2
án,2
ze,1
ÿn,1
ŷd,1
xy,1
xw,1
xv,1
wŷ,1
ŵt,1
ŵm,1
wî,1
ŵg,1
ŵf,1
wé,1
ŵd,1
üw,1
ût,1
ûn,1
uh,1
û ,1
tv,1
tû,1
tk,1
tï,1
sî,1
rx,1
ró,1
rè,1
qu,1
q ,1
pô,1
pj,1
pc,1
pá,1
oÿ,1
oû,1
ôd,1
óc,1
ò ,1
nz,1
ño,1
mx,1
mŵ,1
mv,1
lz,1
lï,1
lé,1
jî,1
íw,1
iñ,1
îd,1
iä,1
hî,1
gŷ,1
gt,1
gî,1
fë,1
ez,1
eq,1
êp,1
êf,1
ée,1
êd,1
éc,1
è ,1
dü,1
dp,1
dê,1
dä,1
cp,1
cí,1
cf,1
cá,1
bò,1
bm,1
bî,1
bg,1
bé,1
bb,1
bà,1
ax,1
aq,1
ái,1
âg,1
âc,1
